comparison_id,concept_id,generosity,shared_shape_notes,reasoning,n_tk_forms,n_an_forms,permutation_id
001,eye,4,"Striking recurrence of 'ma-ta' or 'ma-ta' variants (e.g., 'mata', 'ma:táʔ', 'maṭáʔ', 'máta', 'maˈta', 'maata', 'ma-ta', 'matah') in bag_b and a prominent cluster of 'ta', 'taa', 'tha', 'ta:', 't.aː', 'ta.¹', 'tha.²', and 'ma.⁰_ta.⁵⁴' in bag_a. Also, weaker but repeated 'lu(k)' and 'pla' (bag_a) with partial echoes like 'loziq', though these are less widespread.","Bag_b features a dense core of forms centering on 'ma-ta', which matches closely with the widespread presence of 'ta', 'taa', 'ta:', and related forms in bag_a—some even co-occurring with 'ma' as in 'ma.⁰_ta.⁵⁴'. This kind of widespread, segmentally similar structure across both bags is a strong indicator for hypothetical cognacy on shape alone, despite some divergent outliers.",25,80,0
002,ear,1,none noted,"The two bags do not show evident recurring segmental structures between them. Bag A frequently features forms with initial k-/q-/kh-/p-/b-/t-, with possible -a, -u, -ɤ, -ɯ, -ʔ, or nasal finals and clusters, but these are not matched in Bag B, which shows consistent -liŋa/-linga/-lina and similar patterns, as well as frequent presence of nasals -ŋ or -n and medial -li-. No widespread, plausible correspondences or shared skeletons are visible.",35,80,0
003,fire,3,"Shared presence of C(V)Vj/VVj (e.g., 'faj', 'pai', 'fei', 'fay', 'pui'/ 'apui', 'apuy', 'puy', 'afuy', 'hapuy'), recurring p/f initial and -j/y endings in both bags, and forms with pVj/pV(i)/pVj in both.","Both bags show recurring syllable shapes built around p/f + vowel + (j/y), notably high frequency of forms like 'faj', 'fei', 'pui', and similar 'apuy', 'apui', 'apóy', etc. in the second bag. Several bag_b items have additional prefixes or clusters, but the core p/f~faj/pui-type shape is common to both. However, the overall similarity weakens outside these clusters and many forms are unrelated in shape, so while promising especially for a subset, it does not indicate strong global similarity.",21,80,0
004,one,1,none noted,"The forms in bag_a are dominated by syllable structures like CVu, CVN, or CVC (e.g., de:u, nɨŋ, ʔit), with recurrent presence of nasal codas and ʔ-initial elements, while bag_b exhibits substantial diversity in cluster potential and word complexity (e.g., cacay, tatānu, sakabilóg), often with more polysyllabic and coda-rich items. No recurrent segmental shape appears to be widespread across both bags. Similarities (like initial ʔ, s, or n) are too isolated and structurally unsystematic to suggest promising hypothetical cognacy.",29,80,0
005,nose,4,"Widespread appearance of nasal-final syllables with -ŋ/-n, recurring initial na-/ŋa- in both sets; also some similar CVC structures such as naŋ, daŋ, mu(k/ŋ), and occasional tiŋ/ting forms.","Both bags show a strong pattern of forms ending in -ŋ or -n, with many items in both showing initial n- or ŋ- plus a vowel, and recurrent CVŋ or CVC nasal shapes. Some CVCV and CVCVC compounds also recur (e.g., naŋ, daŋ, muŋ, tiŋ), suggesting possible shape-level correspondences. These widespread recurring structures indicate moderately high promise for hypothetical cognacy based on shape alone.",34,80,0
006,tongue,2,"Possible weak overlap in CVN root forms: 'lin', 'len', 'lɛn' in bag_a versus 'lila', 'dila', 'lela', 'nelam', 'nelam-' in bag_b; also repeating 'ma' and 'me' syllables in both bags, but correspondences are inconsistent and not widely matched.","While both bags display recurring CVN forms with lateral or nasal elements (e.g., 'lin', 'len', 'lɛn' in bag_a; 'lila', 'dila', 'lela', 'nelam', 'mena' in bag_b) and some repeated 'ma', 'me' type syllables, the overlap is scattered and lacks strong, consistent recurrent correspondences across both sets. Most matches are superficial and restricted to a few items rather than being pervasive in both bags.",19,80,0
007,eat,4,"Extensive recurrence of 'kan', 'kən', 'kin', 'kɯn', 'ka:n', and similar CVN patterns in both bags, with a high frequency of 'k' + vowel + nasal coda sequences in each set.","Both bags display numerous forms following a 'kVn' template (e.g., ka:n, kɯn, kin, kən, kaqen, kuman, kanɔ), as well as related shapes, with nasal codas and back vowels recurring frequently. The spread of these patterns across multiple clades and items in each bag, with only minor differences in vowel or coda quality, is suggestive of a promising hypothetical relationship on a phonological basis.",32,80,0
008,night,1,none noted,"There is no clear pattern of shared segmental shapes across both bags. While nasals and labial sounds recur independently, the overall consonant-vowel structures and phonotactics differ, with no wide-spread or repeated forms aligning across the two sets. Similar-sounding items (such as 'nam' or 'ham' vs. 'nam', 'bam', etc.) appear to be coincidental rather than systematic.",38,80,0
009,blood,1,none noted,"Bag A is dominated by forms with initial lateral or voiceless/labial consonants followed by high/central vowels and a final -t or -t-like coda, while Bag B tends to display initial r/d/l and open syllables or nasals, with many medial glides/vowels and final -a or -k/ʔ sequences. No recurring root shape or pattern appears to be productively shared across both bags; similarities are limited to very broad typological tendencies.",31,80,0
010,dog,2,"Some repeated open syllables with medial liquids (e.g., 'li', 'ma', 'na', 'wa/ua'), and a few labial onsets, but no broad, systematic recurring shape or pattern between the bags.","Both sets show a prevalence of simple CV or CVCV forms, with some overlap in sequences like 'ma', 'li', 'na', and 'wa', but these are very basic shapes that could occur by chance. Recurring, more distinctive correspondences or patterns are not widely attested in both bags, making hypothetical cognacy not very promising based on shape alone.",18,80,0
011,water,4,"Widespread 'nam/num/nom' shapes (CVm, CVCm, CCVm) found in both bags; bag_b has multiple forms with 'nam', 'num', 'nom', 'nanum', 'zanum', 'lanum', 'danum', etc.; bag_a features many 'nam', 'nâm', 'nham', 'namʔ', 'na:m', 'nom', 'num', and similar forms.","There is a clearly recurring shape across both bags centered around 'n/m' or 'n/V/m' roots: monosyllabic or disyllabic forms like 'nam', 'num', 'nom', appearing with several initial variants (d-, z-, l-). This pattern is highly suggestive of a promising hypothetical relationship by segmental shape alone, with numerous multiply-attested matches in both sets.",24,80,0
012,tooth,1,none noted,"Bag A is dominated by CVn, CVC, and complex glides with forms such as 'fan', 'vjan', 'heːu', while Bag B shows widespread shapes in forms like 'nipin', 'liwon', 'alis', and 'wali'. There are no clear, recurrent consonant-vowel skeletons or segmental patterns that plausibly recur across both bags to suggest hypothetical cognacy on phonological shape alone.",40,80,0
013,star,1,none noted,"Bag A predominantly features forms centering on syllable shapes like 'da:u', 'la:u', 'ɗaw', 'di', and similar CV(V) structures, often with glides or nasal/vowel codas and initial stops or laterals. Bag B, by contrast, is dominated by forms with initial 'b', 'v', or 'f', extensive use of medial/tangled consonant clusters (e.g., 'bitu-', 'bint-', 'fetu-', etc.), and little resemblance to Bag A's patterns. No recurring shapes are apparent across the two bags.",36,80,0
014,bird,2,"Some isolated overlap in CV(V)C shapes such as 'nok', 'nuk', 'manuk', and 'man', but overall limited recurrent correspondences across multiple items.","Bag A contains many items with a -nok/-nuk/-k structure, while Bag B includes forms like 'manuk', 'ʔanuk', and 'man', showing some segmental similarity. However, outside of these, most forms have differing structures or lack consistent phonological parallels. The overlap is limited to a few forms and does not appear to be widely distributed across both lists, suggesting only weak hypothetical cognacy on shape alone.",33,80,0
015,fish,2,"Some marginal overlap in CV(V) strings (e.g., pa-, ma-, li- in bag_a; pa-, ma-, li- in bag_b) but these are extremely basic and unspecific. No strongly recurring or idiosyncratic shared patterns across both bags. Consonant and vowel structures overall differ.","While there are simple CV- and CVC- patterns such as pa-, ma-, and li- appearing within both bags, such shapes are common in the world's languages and not substantial. The majority of forms in each bag do not align in onset or rime structure, and specific clusters or wordshapes are not widely shared. The evidence for hypothetical cognacy is weak and unspecific based on shape alone.",25,80,0
016,red,2,"Very limited: possible echoes of CVN or CVNC patterns and some clusters of nasal-final or nasal-medial strings (e.g., la:n., lu:n., ha:n., dɛŋ, deŋ, hoŋ, kaŋ, ŋaŋilæhan, kahŋaŋ, ʈaŋʈaraŋ, etc.), but overall segmental skeletons and consonant structures diverge significantly.","Though both bags display some nasal-final forms with sequences like -an/-an and -aŋ/-aŋ in different syllabic environments, and a general CVCV or CVCVC pattern occurs, the overall segmental makeup and consonant clusters in the two bags are quite different. Only isolated similarities exist, with no clear, widespread shared root forms. No strong evidence for systematic similarities based on shape alone.",35,80,0
017,good,2,"Some tenuous overlap in forms with initial nasal (ŋa-, na-) and final -ai/-ay, and scattered i-/ai-/ea-/ia-type syllables, but overall segmental matches are sparse and not recurrent across both bags.","While both bags contain a few forms with similar nasal-initial (ŋai/ŋaʡay) and -ai/-ay endings, and isolated syllabic matches like 'pia', 'dai'/'diaw', such correspondences are isolated and not consistent across the lists. No robust recurring consonant/vowel skeletons are shared widely, indicating a low and non-systematic resemblance between the bags on shape alone.",33,80,0
018,black,2,"Isolated similarities such as -dam, -nam, -tam, but no consistent wide pattern.","Bag A is highly saturated with forms containing the sequence -dam/-nam/-am and similar CVC shapes, often with nasal or oral onsets. Bag B shows isolated items like 'fitam', 'matɛm', 'amatem', and 'didem' that match this pattern, but these are few compared to the overall diversity in Bag B. There are not enough recurring, widespread structural parallels across both bags to suggest promising hypothetical cognacy.",30,80,0
019,mouth,2,"Some recurrent nasal + vowel + nasal (e.g., 'mom', 'mom', 'mom', 'moŋ', 'ŋɔŋ', 'moɜm', 'mohoŋ', 'mung'), and nasal-initial forms ('ŋa-', 'ŋo-', 'ŋu-') appear in both bags. Occasional labial and velar clusters and 'pa:k', 'pak', 'pam', 'pom', 'bam', 'bab' in both, but most similarities are isolated or superficial.","There are a handful of superficial segmental similarities, such as forms with initial nasals and NVN syllable structures (e.g., 'mom', 'moŋ', 'ŋɔŋ'), and some direct matches in shapes like 'pak', 'pa:k', 'pam', and 'babá' vs. 'ba:k'. However, these are not widespread or systematic across both bags. The majority of forms do not show clearly recurring, systematic segmental resemblances, making hypothetical cognacy on shape alone largely unconvincing.",27,80,0
020,big,1,none noted,"No convincing recurring segmental patterns or word shapes appear across both bags. Bag A is notably heavy in forms with initial 'l', 'lu', 'la', and 'lo' (especially VC or VCVN types), while Bag B shows a much broader diversity of onsets and syllabic shapes, with little to no overlap in root shape or consonant-vowel patterns. No widespread or systematic phonological similarity is apparent between the two sets.",31,80,0
021,bone,2,"Some isolated similarities such as forms with initial k/l/t, 'lak/luk' vs. 'lulu', and 'kut/kak' vs. 'ukak', but no widespread recurring shape. Most items have distinct syllable structures.","There are a few surface resemblances (e.g., CVC patterns with /k, l, t/ onsets and /ak, uk, ot/ codas), but these are scattered and surrounded by many unrelated forms. There is no strong evidence for a widespread shared segmental skeleton; the observed similarities are as likely to be chance or typological rather than indicating promising hypothetical cognacy.",40,80,0
022,neck,2,"Limited recurrence of kV(k)/kV(k) shapes and nasal-final syllables (e.g., -ŋ, -n) in both bags, and some matches in forms like 'kan/kanaŋ' and repeated kɔ patterns; overall correspondences appear weak and scattered.","While both bags contain some forms with similar phonological skeletons (such as CVN or reduplicated syllables like kɔkɔ-), as well as occasional matches like 'kan/kanan' and -ŋ or -n finals, these similarities are generally superficial and not broadly distributed across the datasets. The matches are mostly isolated and do not show robust, multi-item correspondences across both bags.",27,80,0
023,drink,2,"Some nasal-final (CVC/nasal) forms like -um, -əm, -om, -m appear in both bags; rare -t/-p final forms; otherwise, phonological shapes diverge widely.","There are a few matching patterns, particularly in items ending in nasal consonants (e.g., -um, -əm, -om, -m), which recur multiple times in both bags. However, other segmental patterns, such as initial clusters and other syllable structure, differ greatly and there is little overall resemblance in the majority of forms. The matches may reflect coincidence or common phonotactics rather than deep relatedness.",40,80,0
024,what,2,"Frequent occurrences of CVCV, CV(N)CV, and CVCVCV patterns in both bags. Weak parallelisms in syllabic shapes with -ma, -na, -ŋ, and CVma/CVŋ found in both sets, but no recurring distinct sequence stands out strongly across both lists.","Although a few recurring shapes like 'ma', 'na', and 'ŋ' occur semi-regularly in both bags, these are typologically very common sequences. There is no clear pattern of widespread, non-trivial segmental resemblance across multiple items. Most pairs would be difficult to link as hypothetical cognates on form alone, with only weak shape correspondences present.",40,80,0
025,skin,2,"Some 'naŋ', 'laŋ', 'ŋ' forms in bag_a; bag_b contains a few forms with 'na', 'ŋ', 'la', 'baŋ', but not in parallel abundance. Some partial shared shapes like 'pa', 'ka', 'ku', 'ba', but no clear, recurring full word shapes across both bags.","Bag_a shows dense repetition of 'naŋ', 'nɐŋ', 'laŋ' and similar patterns, but bag_b displays a much wider array of phonological patterns, with only scattered occurrences of 'na', 'ŋ', or 'la', such as 'baŋəs', 'kauŋ', and a few other similar segments. Overall, neither full nor partial stem shapes recur broadly across both bags; similarities are isolated and not widespread.",23,80,0
026,name,1,none noted,"The forms in bag_a are dominated by the recurring sequence 'miŋ' and similar CVC syllables, whereas bag_b shows extensive repetition of forms with 'ŋan', 'naŋ', 'ngan', and similar clusters, often with more syllables. There is no significant overlap or recurring shape across both bags, and no systematic segmental similarities emerge to suggest hypothetical cognacy.",38,80,0
027,who,1,"Minor resemblance in some VC or CV skeletons like ai, inu/n̥u, and certain use of nasal or glottal elements, but widespread, systematic recurring shapes or cognate skeletons not seen cross-set.","Most items in bag_a and bag_b do not share recognizable segmental skeletons or display systematic consonant/vowel correspondences. While a few forms like nai/nau/n̥u in bag_a and inu/nan/nan in bag_b show superficial similarity, these patterns are isolated and do not recur across both sets in a way that would suggest promising hypothetical cognacy on shape alone.",40,80,0
028,egg,1,none noted,"Bag A has a strong concentration of monosyllabic and disyllabic forms dominated by open syllables, frequent -ai/-ei/-i diphthongs, and initial velar or palatal affricates. Bag B largely consists of longer, polysyllabic forms, many with labial or nasal consonants and final nasals or stops; few if any recurrent segmental shapes align well with those in Bag A. No salient recurring segmental patterns are widely shared between the bags.",40,80,0
029,earthsoil,2,"Some minor overlap in CVN(C) shapes (e.g., nam/na:m/nam.³³ and tan/tane/tanek/tani) but overall little recurring segmental resemblance; most forms show different consonant clusters and syllable structures.","There are a small number of similar syllable structures like CVC (e.g., nam ~ tan), and a few items with similar nasal/stop-initial shapes. However, the majority of forms have distinct segmental inventories and syllable patterns, with little evidence for systematic, recurring shapes across both bags.",31,80,0
030,root,2,"Some marginal recurrence of initial k-, h-, and r-; weak presence of forms with -ak/-akV/-an, but vowel and consonant structures differ and shared patterns are mostly superficial.","Both bags feature a few forms starting with k-, h-, and r-, and some multisyllabic forms with medial/lateral sonorants. Bag A, however, shows a strong cluster of monosyllabic -ak/-a:k/-ak-type forms with various initial consonants (la:k, ɣaːk, raːk, etc.), which is not matched structurally in Bag B, where forms are more often polysyllabic and utilize different segmental structures. The overlap appears to be primarily in common CV combinations and not robust, recurring sound patterns.",37,80,0
031,tail,1,none noted,"There are no clearly recurring segmental shapes or syllable patterns that are widespread in both bags. Common elements like 'ŋ' in bag_a and various CV or CVC forms in both bags do not show systematic similarity. The majority of forms in each bag exhibit distinct phonological structures, and plausible correspondences are lacking.",40,80,0
032,new,2,"Some initial m- and p-/b- forms in bag_a and bag_b; some final -ai/-au/-ay vowels in both. Otherwise, little recurring segmental similarity.","There are a few phonological strings in both bags with initial m- and p-/b-, as well as forms ending in -ai/-au or similar diphthongs, but these are matched by many unrelated shapes in both sets. The overall structural similarity is weak and recurring correspondences are scarce.",21,80,0
033,liver,1,none noted,"There is a highly prominent cluster of 'tap', 'tăp', 't̪ap', and similar shapes recurring widely within bag_a, often with final -p or similar syllabic structure, but no such recurring shape — or any consistent onset-vowel-coda match — appears in bag_b. Bag_b contains various forms with syllables like 'tay', 'kat', 'at', but nothing systematically matching the 'tap' cluster. Therefore, the sets do not show promising shape-based evidence for hypothetical cognacy.",19,80,0
034,come,2,Some recurring CV(V) and CVCV patterns; weak echo of 'ma' and 'lu' shapes in both; little consistent segmental overlap.,"While both bags show high-frequency syllable shapes like CVC and CVCV and there are isolated instances of similar shapes such as 'ma', 'm.aː', and 'maa' in bag_a and 'ma', 'mai', and 'mau' in bag_b, overall the segmental correspondences are weak, and widespread systematic similarities are not apparent. Shared forms are mainly simple syllables and may reflect chance resemblance rather than productive cognate sets.",20,80,0
035,i,3,"Numerous forms in both bags have sequences with initial k-/ʔ-/j-/h- plus -au/-u/-ou or -ak/-ok/-an/-on; particularly 'kau', 'kou', 'kuu', 'hou', 'jau' in bag A and 'aku', 'yaku', 'kau', 'akuoi', 'jau' in bag B.","Both bags display multiple forms centering on shapes like (C)au/(C)ou/(C)u, especially k-/ʔ-/j-/h- onsets, recurring across several items in each set. There are also echoes in forms with nasal or velar finals (e.g., -n, -ŋ) and a tendency for short CVC or CVV structures. The correspondences are promising and repeated, but the diversity and some structural mismatches keep this at a moderate score.",30,80,0
036,thou,2,"Some overlap in CV or CVCV syllable shapes (e.g., forms ending with -ŋ in bag_a and -ŋ/k in bag_b), and some 'mVŋ' in bag_a and possible related nasal+vowel clusters in bag_b, but no repeated, widespread segmental patterns across both bags.","The forms in both bags tend to be short and vary between CV, CVC, and CVV shapes. Bag_a has several items with 'mVŋ'-type forms (e.g., mɐŋ, məŋ, mɨŋ), but these are not mirrored widely in bag_b. Bag_b has many 'CVV', 'CVCV', and nasality-final items, but the consonant and vowel patterns do not consistently align across bags. Only limited phonological resemblance is present, and any overlap is scattered and not systematic.",24,80,0
037,long,1,none noted,"The forms in bag_a overwhelmingly feature (C/j/ɣ/l/z/ð/ɹ)-V(i/e/a/u) structures, often with palatal onglides or diphthongs (ai, ei, au, əi), and light monosyllabic or disyllabic shapes. Bag_b, in contrast, contains mostly longer, polysyllabic and more complex cluster-rich forms (CVCCV, CVC.CV, CV.CVCV, etc.) with consonant combinations and syllable structures that are quite distinct from bag_a. No clear, recurrent phonological skeletons or segmental correspondences are seen across both sets.",35,80,0
038,bite,4,"widespread recurrence of k-t (kat, kət, kɨt, kɨt, kɔt, kad, kax, kagat, kəm-, koma-, kimi, kate, etc.), k-p (kap, khap, hap, hop, khăp), and k-n or kɲ/kȵ (kan, ka:n, kaña) patterns across both bags","There is strong convergence in the use of forms with initial k- (sometimes kh- or ʔ-) and medial or final -t/-d and -p/-b segments. Both bags have many items with kat/kit/kat/kad/kax/kagat/kamet and similar shapes, as well as secondary recurrence of k-n- and k-m- roots. These recurring skeletons strongly support a high hypothetical cognacy rating based on shape alone.",32,80,0
039,small,2,"Possible recurrent CV(V)k/t and nasal-initial forms, but most similarities appear superficial or sporadic.","A few shapes such as forms with -k or -t codas (e.g., 'lek', 'tik', 'kait') and medial/labial nasals (e.g., 'niŋ', 'maini') appear in both sets. There are also several polysyllabic forms with reduplication or repeated consonants in bag_b ('kikina', 'kekerei'), and CVi or CVCV structure is common. However, overall, the shared structural features are quite general and could be due to chance, with no clear, persistent, and specific pattern of correspondences across multiple forms.",35,80,0
040,two,2,"Some limited overlap in syllable shapes: CVVn(g)/CVu forms ('soŋ', 'sɔŋ', 'so:ŋ', 'su:a', 'rua'), clusters like 's-...ŋ' vs. 's-...a', occasional similar medial vowels or diphthongs. However, most forms do not show recurring shared structures, and 'rua', 'duha' families have consonant+vowel patterns not echoed in the other bag.","There is a small group of C(V)(V)N and C(V)u/a forms (e.g., 'soŋ', 'su:a', 'rua') resembling each other superficially, but these are not widespread in both sets and could be coincidental. The majority of forms cluster around different segmental patterns, with only sporadic or partial similarity, offering weak support for hypothetical cognacy on form alone.",30,80,0
041,white,2,"Some resemblance in initial labial and velar shapes (p/b, k) and open syllables (e.g., ""pak"", ""buk"", ""po-"", ""ka-"") recurring in both bags, but no consistent or repeated segmental patterns spanning both sets.","While both bags share a few forms with labial and velar onsets and open syllables, recurring shapes such as 'kha:u', 'pak', and 'poʔ' in bag_a do not align meaningfully or consistently with segmental patterns in bag_b, where 'p/b' or 'k' root shapes and varied codas prevail. No robust, repeated sequence or correspondence is present across both bags, making hypothetical cognacy on shape alone unlikely.",25,80,0
042,head,2,"Some surface-level similarities such as recurring ku/kau/kɐu, gu/gau, pa/ba, and u/ul/ulu found in both bags, but overall shape correspondences are weak and mostly isolated.","While very common syllables like 'ka/kau/kɐu' and 'gu/gau/gulu' appear across both sets, these patterns are not especially distinctive and are matched by different forms without systematic correspondences. The diverse shapes and internal structure in each bag yield few consistent, specific shape matches, resulting in low but nonzero promise.",27,80,0
043,moon,1,None noted,"No recurring root shapes or segmental skeletons are widespread in both bags. Bag_a is dominated by forms with n-, nj-, l-, m-, d-, ɹ-, and ŋ-initial syllables, often with nasality and clusters like -an, -en, -ŋ, -ai, -an, or diphthongs. Bag_b, in contrast, is heavily characterized by b-, v-, f-, h-, s-, and l-initial forms, with a notable concentration on 'bVlan/bVran' shapes and related patterns. The main shapes and consonant/vowel skeletons do not align across sets; similar forms are neither common nor systematic enough to suggest hypothetical cognacy on sound structure alone.",40,80,0
044,sand,1,none noted,"The bags do not share recurring phonological shapes. Bag A has a large number of items featuring s‑, sa‑, saj, sa:i, as well as forms with kh‑, ph‑, and nasal-initials, while Bag B features many items beginning with b‑, bna‑, bu‑, as well as complex syllable structures atypical for Bag A. There are no widespread segmental motifs aligning across the two sets, and overall structure differs greatly.",27,80,0
045,leaf,2,"Some vague similarity in forms with initial b-/ɓ-, medial -a-, and final -i/au/ai/ɯ in one bag, and some b-/ba-/bu-/bo- and -uŋ/-on/-au/-an/-un/-am in the other, but no consistently recurring shapes in both bags.","While both bags show a preference for bisyllabic and monosyllabic forms and contain forms with b/ɓ/ba/bu and d/da/ʔd as initial elements, the overall syllable structure and segment sequences differ widely. The most common shapes in bag_a involve bV(V)j/ɯ/ai, and in bag_b, bV(V)N, dV(V)N, or rV(V)n, but there are no solid shared shape patterns recurring across both bags.",29,80,0
046,sleep,2,"Some -nan/-non/-nun forms in bag_a and occasional nan/en- forms in bag_b, but overall little recurrence in shape. Bag_a is heavy in nVn, bag_b much more varied.","Bag_a displays a strong pattern of 'nVn' forms (e.g., nɔn, nan, nɯn, nin, nun, etc.), while this specific pattern recurs at best sparingly in bag_b (a single 'nan', some 'enak', and, distantly, forms like 'jenakɔ'). Most of bag_b consists of much more varied and longer or morphologically complex forms, with little overall phonological overlap. A couple of potential isolated similarities exist, but overall recurring shape similarity is weak, thus only a low promise for cognacy on shape alone.",30,80,0
047,cold,1,none noted,"There are no clear recurring consonant/vowel skeletons or widespread segmental patterns shared across both bags. Shapes like CVC, CVN, or forms with nasal finals and 'k/g' stops are present in both, but these are highly generic. No specific roots or sequences appear to recur in both sets, suggesting very low likelihood of hypothetical cognacy on segmental shape alone.",38,80,0
048,flymovethroughair,1,none noted,"Bag A is dominated by forms featuring an initial labial or prenasalized stop (ɓ/b/p/m/v/w) plus a front vowel (i/e) and a final nasal (n/ŋ), often with forms like 'bin', 'vin', 'min', etc. Bag B, in contrast, is highly diverse in shape and predominantly lacks this pattern; none of the forms consistently match this labial-initial, -in-final skeleton. No clear widespread recurrence of shapes across both bags is detected.",32,80,0
049,dry,1,none noted,"There are no clear recurring segmental patterns or word shapes that are widespread across both bags. Bag A often has forms with initial h-, kh-, k-, s-, or vowels and many monosyllabic or disyllabic shapes, while Bag B shows high frequency of initial ma-/mam-/m-, with longer forms and complex clusters uncommon in Bag A. While a few accidental superficial resemblances (like 'hɛŋ' vs 'helaŋ'), they are isolated and do not reflect a systematic pattern.",33,80,0
050,hand,2,"Some overlap with forms containing initial m- and medial -i/a vowels (e.g., mja, mia, mie in bag_a and ima, lima, rima in bag_b); limited shared segmental templates.","There are a few correspondences in the general shape of forms with initial m- and medial/front vowels in both bags (e.g., mja/mie/mia vs. ima/lima/rima), but this is a common segmental template cross-linguistically. Other forms diverge in shape, and there is little evidence for widespread, consistent segmental patterning across both bags.",26,80,0
051,kill,1,none noted,"Bag A forms are overwhelmingly monosyllabic or disyllabic, often with CVC or CV: shapes (e.g. kha, kha:, fan, zən), whereas Bag B forms are highly polysynthetic, polysyllabic, and display extensive reduplication or affixation (e.g. papapaci, tamatea, matəʔətə, muná). There are no recurring or systematic segmental patterns between the two sets, nor do any roots or shapes seem widely shared in both bags. Isolated partial matches like 'fan' vs. 'fnati' or 'pja:ŋ' vs. various pa- forms are slim and likely accidental given the overall divergence in structure.",13,80,0
052,yellow,2,"Some superficial overlap in nasal-initial forms (e.g., man-, ma-, ŋa-), some long/diphthongal nuclei (an, aŋ, aw, a:], but overall little consistent or systematic shared shape across the majority of both bags.","While both bags contain several forms featuring initial nasals (ma-, man-, ŋa-) and elongated/unbroken vocalic sequences (an, aŋ, aw, etc.), these are very generic structures and show little strong, systematic, or repeated segmental overlap across multiple forms from both sides. Other segments and shapes are highly divergent, and recurring shapes are minimal or not unique enough to suggest hypothetical cognacy.",32,80,0
053,person,2,"Some overlap in CVn and CVCV patterns, weak convergences around -n, -u, -au endings, and syllables like 'kan', 'kon', 'na', but no strongly recurrent distinctive segmental shapes across both bags.","While both sets show a prevalence of CVn and CVCV structures and some rhyme similarities (-n, -u, -au), these shapes are frequent cross-linguistically and do not point to specific, repeated correspondences across both bags. No highly distinctive or systematic consonant/vowel sequences reoccur robustly in both, suggesting limited evidence for hypothetical cognacy on shape alone.",38,80,0
054,all,1,none noted,"There are no clear and recurrent consonant-vowel skeletons or segmental patterns shared widely across both bags. While some forms in bag_a feature repeated CVN syllables (e.g., taŋ, mot), similar patterns are not echoed with corresponding segments or structure in bag_b; surface similarities (such as 'taŋ' vs. 'kaavaŋvaŋ' or 'laŋun') appear accidental and not systematic nor widespread. Overall, the two bags look unrelated on phonological shape alone.",40,80,0
055,swim,2,"Some shared vowel sequences like 'wai', 'ai', and forms ending in -m/-n and -ŋ, a handful of CVV syllable shapes and nasal-final elements, but no consistent or widespread segmental patterns across both bags. Bag B shows recurring -ŋuy/-ŋoy/-ŋui/-ŋuj forms, but this shape is rare in Bag A.","Although both bags contain some CVV, vowel-rich forms, and occasional nasals (such as 'nam', 'nam', 'ŋam', 'ŋuy', 'ngoy'), the most frequent patterns in bag B (e.g., -ŋuy, -ŋoy, -aŋoy) are not robustly mirrored in bag A. Most similar shapes are isolated or superficial, lacking pervasive, regular, or systematic shape correspondences necessary for a higher generosity score.",40,80,0
056,cloud,2,"Limited overlap in CV or CVCV roots; some surface similarity in forms with initial m-, l-, or p-/b- and reduplicated or echoed patterns (e.g., muk-/mukm-, lul-/lol-), but these occur in different contexts and do not show systematic recurring correspondences.","While both sets show extensive internal repetition of syllable structures (such as CV, CVC, reduplication, and common onsets like m-, l-, p-/b-), the correspondences mostly appear unsystematic and isolated. There is no robust evidence for recurring shared word shapes across the two bags, except for vague resemblances in a few items. Overall, hypothetical cognacy on shape alone is weak.",28,80,0
057,breast,1,none noted,"Bag B shows extensive reduplicated CV.CV forms such as 'susu', 'dudu', 'titi', 'bubu', and so on, which are extremely widespread across its items. Bag A, however, does not show any clear reduplicated CV.CV forms, instead favoring more complex syllabic shapes and a wide diversity of onsets and finals (e.g., 'tju', 'tsɛ', 'nom', 'nɔŋ'). There are no consistent or recurring segmental patterns common to both bags to suggest hypothetical cognacy.",23,80,0
058,green,2,"Possible weak similarity in forms involving /lVk/ (e.g., 'lok', 'lɔk', 'ljok' in bag_a; 'laluwaluwas', 'lamuot', 'liluwaluwas' in bag_b), and some instances of nasal+V+C (e.g., 'mlunu', 'mlɨnno', 'memeña' in bag_b; potential echoes in 'mjaŋ', 'kjaŋ' from bag_a). Some bag_b items ('hijau', 'jau') and bag_a ('jau', 'jaːu') show isolated possible resemblance but without systematic sound patterns.","Both bags are highly diverse and mostly lack recurring, systematic segmental patterns across the sets. The only weak points of resemblance are some /lVk/ forms and possible echoes of j/jaːu shapes; however, these are isolated and not supported by widespread consistent matches in phonological skeletons. Overall, only marginal plausibility for hypothetical cognacy based on observed segmental shapes.",32,80,0
059,walk,2,"Some overlap in CVCV or CVCVCV word shapes; possible m-l-k, p-j, a-m, d-v/k clusters, and general presence of nasal or liquid sequences, but no consistent correspondences or widespread, distinctive stem-shape matches across both bags.","Both bags feature polysyllabic forms rich in nasals, liquids, and labial or velar consonants, with some instances of CVCV and CVCVCV templates recurring. However, there are no clear, repeated stem patterns (such as a stable set of corresponding consonants and vowels) across a significant number of forms in both bags. The superficial similarities in phoneme classes (nasals, laterals, vowels) are plausible but too common cross-linguistically to suggest strong hypothetical cognacy on shape alone.",33,80,0
060,knowsomething,2,"Weak overlap: occasional CVu/aŋ- and CVu- forms, loose similarity in nasal final and liquid onset items, but no robust, widespread recurring shapes across both bags.","Bag A exhibits several forms with k/h/j- initial plus -au/-u/-o vowels, and bag B has diverse forms, some featuring CVu and nasal finals (e.g. kona, peleŋ, loŋ), but these are not strong or consistent matches. Overall, the diversity and lack of structured recurring shapes across both sets suggest only weak hypothetical cognacy on shape alone.",24,80,0
061,ash,2,"Some overlap in sequences with bilabial+vowel (pu, bu, vu, abu, avu, vu) and low front/back vowels. Bag A has many forms with -aw/-au, -uk/-up, or -u finals, while Bag B has many with -bu, -vu, -fu, and -bo, though correspondences are not consistent and overlap is partial. There is no widely recurring multisyllabic or consonantal shape shared.","Both bags present frequent VCV shapes with labial onsets and nuclei such as 'vu', 'bu', 'pu', 'au', and -u endings, suggesting a basic phonotactic affinity. However, deeper shared templates or widespread systematic correspondences across longer forms are limited. The similarity appears to be mainly in simple syllables and frequent use of labial+vowel roots, which may or may not be significant for hypothetical cognacy.",33,80,0
062,rainprecipitation,1,none noted,"Bag A strongly features forms with -Vn or -Vn̪ finals and initial labials or glides (fun, fen, wun, etc.), often with short CVC shapes. Bag B, in contrast, shows a predominance of more complex and variable forms with many containing medial liquids or -al/-an/-am/-ar/-as endings, and more polysyllabic structures. There is little overlap in segmental patterns or strong recurring phonological skeletons to suggest hypothetical cognacy.",37,80,0
063,rope,2,"Some overlap in initial and medial 'la', 'sa', 'ka', 'ta', and final 'k'/'ʔ'/'s'. A handful of forms show possible similarity in shapes like 'sa:k' vs 'sa'ís'/'sulók', 'la:k' vs 'laetse', and recurrent 'wa', 'ka', 'ta' onsets in both sets, but correspondences are sporadic and not robust.","While there are scattered phonological similarities in initial and medial syllable shapes (like 'sa:k' vs 'sa'ís', or 'la:k' vs 'laetse'), and both bags show a tendency for CV(C)C forms and some overlap in common syllables and finals, these matches are inconsistent and usually appear only once or twice. There is no systematic or widespread pattern of recurring, tightly matching forms across both bags, making hypothetical cognacy on phonological shape alone unconvincing but not impossible.",31,80,0
064,wind,1,none noted,"Bag A overwhelmingly features forms with a CVm or CVm(V) structure, many starting with l-, ð-, j-, or similar approximants, and an -m coda. Bag B lacks this pattern almost entirely, instead exhibiting a wide variety of phonological shapes and consonant/vowel combinations, with frequent final vowels and much longer forms. No clear recurring shape or correspondence is widespread in both bags.",29,80,0
065,laugh,1,none noted,"The segmental shapes in bag_a and bag_b differ substantially. Bag_a is dominated by forms with diphthongs, high front/back rounded vowels, and numerous syllabic nuclei of the shape VCV, whereas bag_b contains predominantly polysyllabic forms with nasals, more complex clusters, and few phonetically transparent similarities. No recurring consonant-vowel skeletons or widespread parallel shapes are observed across the two bags.",32,80,0
066,wing,3,"Both bags show recurrent initial p-, pa-, or pi- shapes, and frequent occurrence of k, t, and v/f-initial forms; some forms in both also have CVC or CViC structures, and reduplication appears in both sets.","There are repeated pV(C) shapes in both bags (e.g., 'pa', 'pik', 'pak', 'pan', 'pali'), and frequent occurrence of medial k/t and labial or velar consonants. Vowel patterns show some overlap, and both bags also exhibit reduplicated and longer forms combining these elements, which raises the possibility of shared origins in segmental structure. However, differences in some segmental details and the wide overall variation lower the score below a strong match.",21,80,0
067,thick,1,none noted,"Bag A is dominated by simple nasal-initial forms like 'na', 'nua', and similar CVC or CV structures, while Bag B contains much longer and more complex forms with considerable variation and no recurring segments or syllable skeletons that match those in Bag A. There is no evident or recurring phonological pattern shared between both sets.",9,80,0
068,three,1,none noted,"Bag A showcases a strong and consistent shape with forms centered around s/h/f/θ + (a)ːm, recurring across many items and subgroups. Bag B, in contrast, predominantly features forms based around t-l/t-r/t-n/t-ɭ and related sequences with prominent vowel alternations (o, u), but lacks the 'am' or similar rhyme that is central in Bag A. No clear recurring segmental pattern links the two bags, and any matches (such as initial 't') are minimal and unconvincing given the overall shape divergence.",20,80,0
069,four,2,"Some overlap in syllabic forms with /pV/ or /pa/; a few items in both bags have /pV, pu, pau, pai/ (bag A) and /pat, paat, pai, pal, pau/ (bag B), but no widespread or strongly recurring clusters.","Bag B has a heavy concentration of CVC shapes with 'pat/patj/pai', which is rarely matched in bag A; bag A contains mainly sV, θV, and si/fei shapes, with only a handful of 'pau' or 'pu' items. Only a slight and isolated resemblance (mainly in 'pau'/'pu' vs 'pat'/‘pai’), but overall, the majority of forms between the two bags differ sharply in their segmental skeletons. There is minimal evidence of broadly recurring shared shapes.",15,80,0
070,vomit,2,"Both bags show clusters of forms with the sequences (C)u/k/(a)k and (C)ut(a), and a number of items in bag_b contain sequences like 'muta', 'uta', 'ota', 'suka', which have some surface similarity to bag_a's many forms ending in -k or -ak/-ɔk. However, systematic correspondences or a strong recurring match across both bags is not clear.","Some forms in bag_a with -uak/-uək/-ɔk/-ak endings resemble elements in bag_b like 'uta', 'ota', and 'suka.' Occasional similar initial consonants (e.g. juək ~ suka/ʔuta) are seen, but correspondences are inconsistent and many forms diverge. The few similarities are scattered and do not demonstrate a widespread or systematic phonological link.",36,80,0
071,left,2,"Some forms in both bags show recurrent CV(V)(C)V patterns and presence of -wi-, -iri-, -ai-, and -ma- elements, but detailed segmental matches are weak and no clear, widely recurring shapes are found in both sets.","While both bags favor polysyllabic CV structures and there are a few non-identical lookalikes featuring segments like -wi-, -ma-, or -ai-/ -i-, there are no convincing, widespread patterns of stem similarity or correspondences extending across more than isolated items. Thus, the comparison is only weakly promising for hypothetical cognacy on phonological shape.",33,80,0
072,wet,1,none noted,"There are no clear, recurrent segmental patterns present across both bags. While some forms in both bags share general CV or CVC structures, and there are a few superficial similar sequences like 'mak', 'mai', or final -m/-k, these are isolated and not systematic. The overall phonological shapes between the two sets are highly distinct, with no widespread or repeated resemblance suggestive of hypothetical cognacy.",33,80,0
073,daynotnight,2,"Some superficial similarities in CVN and (C)V-an forms; both bags feature items with n-final syllables, occasional presence of 'an', 'wan', 'van', and a few CVC or CVNC forms, but these patterns are globally common. No strong recurring specific skeleton matches across bags.","Although both sets contain plentiful n-final shapes like 'van', 'wan', 'an', and a small number of shared segmental elements (such as v/w/an/wan/nan), these are all typologically frequent CVN forms. More complex forms and internal compound structure diverge greatly, and no distinctive shared shape stands out as recurring in both groups, giving only weak support for hypothetical cognacy.",39,80,0
074,right,2,"Some resemblance in initial labial segments (pa-, ma-, wa-/va-) and possible wa-/wan-/van- sequences appear in both bags but with little consistent matching. Occasional CV patterns recur but not with regular correspondences or systematic sound matches.","A few forms in both bags feature initial labials (p/m/w) and some 'wan/van' or 'ma-' type sequences, but these similarities are broad and not clearly recurrent in a systematic or widespread way across both lists. The segmental patterns overall show little consistent overlap, and most forms in each set are divergent from their counterparts in the other. The few matches could be coincidental or due to common phonotactic patterns.",20,80,0
075,sky,1,none noted,"Bag A features widespread forms with initial ʔbVn, bVn, or pVn patterns, as well as some fa/pha and ka:ŋ items, while Bag B is dominated by forms with -ŋit/-ŋi, laŋ-, lanit, langit, as well as various other CVCV or CVCVCV words; there is no evident segmental overlap or recurring pattern between the two bags. The shapes appear unrelated.",37,80,0
076,five,1,none noted,"The forms in bag_a are generally monosyllabic with forms like 'mei', 'mau', 'ha:', 'haa', and 'hâa', while bag_b forms overwhelmingly show recurring polysyllabic shapes dominated by CVCV skeletons, especially 'lima', 'rima', 'rimo', etc. There is no evident shared root or widespread recurring consonant-vowel structure across both bags, so hypothetical cognacy based on form alone appears highly unlikely.",5,80,0
077,where,2,"Some recurring elements like initial 'n', 'ka/ke', 'na', 'ta/te', and open/close syllables (VCV/CVCV) in both bags; a few resemblances between forms with nasal and stop-initial syllables, but widespread, strong, or systematic similarities are lacking.","While both bags show frequent forms containing nasal or stop-initial CV syllables (such as 'na', 'ka', 'ta', 'te', etc.) and some forms with similar open/closed structures, this is common in many languages and does not form a strong pattern. There are a few accidental lookalikes (e.g., 'nai', 'na', 'ka', 'tei', 'nau', 'no'), but no convincing, deeply recurrent shapes or clear systematic correspondences between the two bags.",40,80,0
078,heavy,2,"Some nasal-initial forms and -n/-ŋ codas seen in both, but patterns are inconsistent and not widespread across both bags.","While both bags contain several forms with nasal stops (e.g. 'nak', 'naŋ', 'han', 'hi.⁴²_haŋ.⁴²' in bag_a, 'nadammat', 'nadammát', 'mbajakɔ', 'pataŋa' in bag_b) and some final velar nasals/k (e.g. 'nak', 'taŋ', 'naŋ', 'khɨn' in bag_a, 'pataŋa', 'sadəLuŋ' in bag_b), these similarities are scattered and occur in divergent environments. The overall phonological patterns differ considerably and there are no robust recurring shared skeletons across both bags to suggest widespread hypothetical cognacy.",18,80,0
079,cry,2,"Some similar CVCV or CVCVC patterns and recurring segments like ""-ai"" and ""ŋ"" in both bags, but correspondences are inconsistent and overlap is weak.","While both bags show forms with sequences like ""ai,"" ""ŋ,"" and CVCV structures, the overall segmental similarities are limited and often appear coincidental. There is little consistent or widespread matching of segment skeletons across multiple items in both bags, reducing the promise for hypothetical cognacy.",19,80,0
080,sharp,1,none noted,"Bag A has a predominance of short, often monosyllabic forms featuring high front vowels (i/ɪ/e), diphthongs with -i or -ai, and onset clusters or palatal/velar initials, while Bag B is dominated by longer, polysyllabic structures with frequent initial 'ma-' and variable CV patterns. There are no clearly recurring shared consonant/vowel skeletons or segmental patterns that appear across multiple items in both bags, nor do any shapes suggest plausible widespread correspondences.",36,80,0
081,near,1,none noted,"The forms in bag_a are overwhelmingly monosyllabic or sesquisyllabic with frequent CV(V) or CCV(V) shapes, common use of palatal(ized) initials (kj-, cj-, kl-, etc.), and diphthongs or complex nuclei. In contrast, bag_b forms are predominantly longer, with multi-syllabic or reduplicated shapes and a different phonotactic profile. No recurring skeletons or plausible systematic segment correspondences are observed across both bags.",34,80,0
082,they,1,none noted,"There are minimal to no recurring phonological shapes or patterns that appear across both sets. While both bags contain forms with a variety of syllable structures and some superficial similarities (e.g., syllables like 'man', 'ra', 'te', 'si', etc.), these are scattered and not repeated widely or systematically across both sets. The overall phonological inventories and structure appear quite distinct, giving little evidence for hypothetical cognacy based on shape alone.",40,80,0
083,year,1,none noted,"Bag A has a strong concentration of forms centered on pV(i/e) and nVn or mV structures, with frequent short and simple syllabic structures. Bag B is much more diverse, with minimal recurrence of these shapes and no consistent segmental patterns linking both sets. No promising or recurrent segmental similarities are found across both bags.",22,80,0
084,you,2,"Some recurrence of initial k-/g-/ŋg- + a/u or a/o/u finals, and a few CVm/CVn/CVmV structures. Both bags contain forms ending with -u/-o or incorporating -m-, but no strong widespread shared templates or clusters.","Both bags exhibit a number of forms with initial k-/g-/ŋg- or s-/ʃ-/θ- consonants and final -u, -o, or -m elements, with some CVm/CVmV and CVu shapes in both. However, these similarities are distributed among diverse forms, often diverging in details (medials, clusters, length, etc.), and there is little evidence for a tight, recurring shared pattern; common shapes like CVu/mu/kam are typologically common, so the resemblance may be coincidental.",39,80,0
085,grass,2,"Occasional similarities in medial -m, -n, -ŋ and initial k-/g-/ʔ-, but widespread systematic shape matches are lacking.","While both bags feature some forms with similar syllable structures and segments (such as medial or final nasal consonants -m, -n, -ŋ, and occasional initial consonants like k- or g-), these features are relatively common cross-linguistically. There is no consistent or recurring pattern across multiple forms in both bags that would strongly suggest hypothetical cognacy on phonological shape alone.",28,80,0
086,flower,1,none noted,"There is no clear recurring segmental shape shared between the two bags. Bag A heavily features forms with -(ɔ)(:)?k and -(a/ai/j), while Bag B instead has a variety of forms, with a preference for CV-CV shapes and some with -ŋ, -na, -ka endings, but no widespread segmental match. The hypothesis of cognacy based on shape alone is not supported.",21,80,0
087,short,2,"Marginal overlap noted in CVN and CVC nasal-final forms: e.g., 'tan', 'tin', 'san' (bag_a), and 'tanam', 'tana', 'tanaŋ' (bag_b). Some CVC and reduplicative forms also present in both, but broader shape matches are scattered and inconsistent.","While both bags contain several CVC or CVN-shaped words and a few possible nasal-final or -an/-in/-am clusters (such as 'tan', 'tin', 'san' vs 'tanam', 'tana'), these patterns are common cross-linguistically and could easily occur by chance. Most forms do not echo clear systematic correspondences or widespread, specific template matches, so promise for regular cognacy is low, though not entirely absent.",30,80,0
088,salt,2,"Weak similarity in some CV, CVCV, and CVCVC patterns (e.g. kV, tV, sV, ma-, ka-, si-, tV), and clusters with initial k, t, or s are present in both sets; recurring use of initial k-, t-, s-, and n/m- on both sides.","While both bags show a tendency for CV and CVCV structures, with sporadic similar initial consonants (k-, t-, n/m-, s-), there is little evidence of systematic or widespread shape correspondences across multiple items. Most similarities are limited to basic syllable patterns and common segmental templates, which could be accidental. There are some shared cluster types (e.g., kl-, ku-, ka-, ta-, si-, ma-), but these are found in many languages globally and are not enough to strongly suggest hypothetical cognacy on shape alone.",29,80,0
089,seven,2,"Some recurrence of -t/-tu/-to finals and sibilant/affricate onsets in both, but with distinct overall syllable structures and root shapes.","Bag A exhibits a high frequency of forms ending in -t, typically following sibilants, affricates, or palatalized onsets (e.g., ɕat, cet, šɛ:t). Bag B, meanwhile, is dominated by forms of the shape pitu, fitu, or similar, with consistent -tu/-to endings and labial onsets. While there is marginal overlap in terms of final -t/-tu, the onset consonants and vowel patterns differ significantly, and only isolated segmental matches (such as t-word endings) are noted, not widespread shared shapes. Thus, only weak evidence for hypothetical cognacy based strictly on segmental shape.",28,80,0
090,six,2,"Some overlap in CVm, CVn, and CVC nasal-final shapes (e.g., nam, nom, nem, num, nəm, ńaŋ, mjaŋ), but main Tai shapes in bag_a cluster on -k/-kʰ codas which are rare or absent in bag_b, whose main nasal clusters are m/n/mu.","Bag_b forms show a frequent pattern of disyllabic forms with a high frequency of 'n', 'm', and nasal codas (anem, enem, anum, nomu), while bag_a contains some forms with 'nam' and 'ńaŋ' that fit this profile, but most are -ok/-ak/-ɔk/-k codas absent from bag_b. Recurring CVm/nV(C) structure is the only weak overlap; possible distant relationship, but overall shape similarities are limited.",21,80,0
091,ten,3,"Widespread presence of s-/ʃ-/ɕ-/θ- + -ip/-ep/-əp in bag_a, echoed by initial s-/z-/θ- and medial -p/-pl-/-pul(u)-/-pol(o)- sequences in bag_b. Both bags show clusterings around shapes like s/p-l-u, p-u-l, and s-a-m-p-u(l), with some items in bag_b (e.g., 'sapulu', 'sampulo', 'pulò', 'pulu', etc.) repeating the -pul- motif. However, the vowel correspondences and consonant alignments are not always regular, and several unrelated-looking items exist in both sets.","There is a notable recurrence in both bags of s-/ʃ-/ɕ- or z-/θ- onsets paired with syllables ending in -p (bag_a) and in -pul-/pulo-/pul- (bag_b), suggesting a possible broad-shape parallel and some plausible correspondences. However, phonotactic differences and the relatively high variation in structure limit how strong the case is for shape-based hypothetical cognacy; still, the quantity of similar motifs gives moderate promise.",23,80,0
092,eight,2,"Some recurring -pat/-pət/-pet/-pɛt shapes in bag_a and -pat/-pát/-pac/-pat in a minority of bag_b forms, but widespread wa-/va-...lu/o shapes in bag_b have no echo in bag_a.","There is a small cluster of forms in both bags ending in a -pat/-pet-type shape, suggesting some very limited shared phonological material. However, this is not widespread across both sets, as most items in bag_b have forms starting with wa-/va- and ending in -lu/-lo, which are not matched in bag_a. The majority of bag_a forms center on pVt or pVːt skeletons that are only occasionally reflected in bag_b.",21,80,0
093,nine,2,"Some shared initial s- and medial -j/-y/-i- in both bags. Bag A is dominated by k-/c-/kj-/ki- + -au/-ou/-aw forms, while Bag B is dominated by sVw/sia/sio/siV shapes. Recurrence of -au/-aw/-ou in bag A and -iaw/-iow/-iau/siw/siu in bag B could suggest a very distant link, but correspondences are not systematic or robustly recurring across both sets.","While both bags contain some similar sV, sVw, and sVj-like forms, as well as some 'au' and 'aw' type diphthongs, the core shapes in each bag overall are quite different. The main patterns in bag A (k-/c- plus -au/-ou endings) are not replicated systematically in bag B, where sVw/siV/siam/siwa patterns cluster separately. Thus, only weak, inconclusive similarity on shape alone.",22,80,0
094,narrow,2,"Some limited resemblances in CVC and CVp/t (e.g. kap/kɛp/kap - pit/kit/pit); occasional similar shapes like kap/kip/pit/kit and -p/-t codas, but no strong, recurring or systematic patterns across both bags.","A few forms in both sets have CVC shapes with plosive codas (such as -p or -t), and consonant-vowel onsets sometimes echo each other (e.g. kap vs pit/kit). However, overall, the forms in bag_b are much longer, more complex, and heterogeneous in structure than the relatively neat CVC(-C) forms in bag_a. Any resemblance appears limited, likely coincidental, and not broadly systematic.",30,80,0
095,snake,2,"Some overlap in forms containing 'ŋ', 'ma', and CVV patterns; limited recurring consonant-vowel skeletons across both bags, occasional 'ŋ' and 'm' clusters, and some similarity in forms like 'mwa/mʷa' but no clear widespread congruent shapes.","A few segmental elements ('ŋ', 'ma', CVV, and 'mwa-/mʷa-' sequences) appear sporadically in both bags, but overall, the shapes and consonant-vowel skeletons do not show strong, consistent correspondences. Potential cognacy is possible in isolated forms, but widespread, systematic recurrence is lacking.",16,80,0
096,forest,1,none noted,Both bags have diverse phonological shapes with little overlap in consonant-vowel skeletons or recurring patterns. No clear segmental similarities or repeated forms suggestive of hypothetical cognacy are apparent across multiple items; most forms are quite distinct in structure.,30,80,0
097,wife,2,"Some overlap in open syllables like ma-, mi-, wa-, and presence of CVn/CVk forms, but overall segmental structures differ and most recurring roots (e.g., mai/mi, wa, bin) are not widely paralleled across both bags.","While a few phonological shapes such as 'ma-', 'mi-', and 'wa-' appear in both bags, these are basic and could easily arise independently. The rest of the material shows little systematic correspondence or recurring roots between bags. There is no strong evidence for widespread shared shape or systematic correspondences just from the strings given.",34,80,0
098,husband,2,"Some recurrence of 'ai', 'a', 'wa', 'man', 'ka' shapes in both bags, but overall correspondences are weak, and shared forms appear isolated or result from common vowel/consonant patterns rather than widespread sound correspondences.","Both bags show forms with similar syllabic shapes like 'ai', 'wa', and 'man', and some multi-syllabic patterns beginning with 'ka-' or containing 'a' and 'u' vowels. However, these similarities are isolated, appear mostly in short forms, and lack systematic segmental correspondences across the sets. The overall diversity and lack of recurring shared structure make hypothetical cognacy only weakly supported.",34,80,0
099,intestines,2,"Some recurring 'sai/saj', 'tai/tina', and 'ai/ai' shapes in both bags.","Bag A contains a high density of forms with the structure 'sai/saj', 'tai', 'ai', and similar CVV(VC) shapes, while Bag B shows recurrent forms like 'tinai', 'tina', 'tinaqi', 'tinâi', and 'tnaʔi', indicating possible general similarity in syllable structure and some overlap, especially with the repeated 'ai' and 'tina' patterns. However, the similarities are largely limited to a handful of shapes and do not show consistent, widespread segmental matches across the majority of both bags. Thus, hypothetical shape-based cognacy is weak but not absent.",29,80,0
100,steal,2,"Some recurring shapes in both sets with initial k-, m-, l-, and medial/final -k/-kaw, -n-, -m-, but no robust wide clustering; isolated items with 'lak', 'nak', and 'kaw' across both.","There are a few phonological overlaps, such as the frequent occurrence of -k, and initial l-, m-, and k-/g- in both bags. Both sets show forms ending in -ak or -kaw, and some with medial -n-, but these are relatively common segmental patterns. No strong, systematic recurring patterns are found across multiple items in both sets, suggesting at best weak possible hypothetical cognacy on shape alone.",24,80,0
101,shoulder,4,"Repeated CV-VCV/CV(V)/CVC shapes with b/p/v/w (labials) and a-like vowels in both bags; simple initial+a+labial structures (e.g. ba, pa, wa, va) recur widely; sequences like 'ba', 'va', 'pa' ~ 'ʔba', 'ho/ha', and 'ma' appear across both sets.","Both bags exhibit frequent use of simple CV and CVC syllable structures featuring labial consonants (b, p, v, w) paired with low vowels (a), as well as clusters and sequences like 'ba', 'pa', and 'va/wa'. Such shapes recur independently in multiple items in both bags, increasing the plausibility for hypothetical cognacy. However, a full match of complex or longer forms across the bags is less obvious, thus a 4 is warranted.",23,80,0
102,buy,1,none noted,"Bag A is heavily dominated by monosyllabic or simple disyllabic forms often with -ai/-əi/-ɨi/-au rimes and s/t/ʔ/ɕ/tɕ onsets; Bag B is overwhelmingly polysyllabic, with much more varied syllable structure and no obvious recurring match for Bag A's shapes. No recurring segmental skeletons or correspondences stand out as widely shared in both sets.",25,80,0
103,open,1,none noted,"Bag A displays a high frequency of forms like hai/hoi/kai with diphthongs or long vowels, whereas Bag B features a wide variety of syllable shapes, often CVCV, CVCVC, and many with 'bukas/bukat/boka' but no close matches to A's patterns. There are no obvious recurring segmental shapes or skeletons present in both bags, so hypothetical cognacy on raw shape is not promising.",31,80,0
104,fog,2,"Marginal overlap: Some 'muk/mok/mɔk/mo:k' (bag_a) vs. 'mok/hamog/mos/mowap' (bag_b); a few items with 'lap/lapolopo' and 'lep' in both, and scattered 'mun/mon' vs. 'lemdem/təlum' as possible distant echoes. However, recurring shapes are not robust or systematic.","There is limited evidence for widespread similar segmental shapes across both bags. A few superficial resemblances exist—primarily in CVk and labial-initial forms—but these are isolated and do not appear as recurrent patterns between the two sets. Overall, the forms in each bag display mostly distinct phonological profiles.",31,80,0
105,choose,2,"Some isolated similarities in CV:li/CV:ni and CVC clusters (e.g., 'la:i', 'pili', 'lɨ:k', 'pilik'), but no recurrent or systematic shape matches across both bags.","Most forms in bag_a center around liquids ('l', 'r'), nasal finals, and mid vowels, forming patterns like CVC, CV:C, and clusters with 'l' or 'n'. Bag_b contains highly variable structures, but has some forms like 'pili', 'pilian', and 'pilik' that superficially resemble bag_a's 'lɨk', 'la:i', or 'lik'. However, these similarities are sparse, not widespread, and appear accidental rather than systematic. There is no strong evidence for widespread, recurring shared structures.",34,80,0
106,hundred,1,none noted,"Bag A shows a strong recurrence of monosyllabic or disyllabic CVC or CV:C patterns, especially forms containing p/k and ɛ/a vowels, such as 'pa:k', 'pek', 'peːk', and 'pɛk', while Bag B predominantly contains longer, multi-syllable forms without clear repeated phonological skeletons matching Bag A. There are no widespread or recurring segmental shapes that can be plausibly aligned across both bags.",22,80,0
107,mother,4,"Widespread recurring nV, nai/nei, na/nia, me/mi, and ma~na patterns across both bags.","Both bags show a high density of forms with nV, nai/nei, na/nia, and similar syllabic patterns. Regular repetition of -na, -ne, mi, me, ma, and ni elements on both sides is promising for hypothetical cognacy based on phonological shape alone, though some segments are less similar (e.g., bubuʔ, soɣo). The similarities are particularly broad and systematic, making potential cognacy plausible, though variation in vowels and affixes prevents a top score.",16,80,0
108,father,2,"Isolated resemblance of pa/pɔ/pha in bag_a with pa, papa, bapa in bag_b; some sporadic mama/ama forms in bag_b with very little echo in bag_a.","There are clusters of forms involving pa/pɔ/pha in bag_a and some pa/papa, bapa, opa forms in bag_b, but these are not widespread nor consistently matched. The numerous reduplicated or m-m-initial forms (mama, ama, etc.) dominating bag_b have no clear, frequent counterparts in bag_a. Recurring shape correspondences are limited and appear sporadic rather than systematic.",16,80,0
109,sew,2,"Some potential short CVC/CV(C) shapes (e.g., nip ~ sip ~ tip ~ jip) and -p codas in bag_a, with occasional similar forms in bag_b (e.g., sip, sapsip), but overall shape similarity is scarce and not widespread across both sets. Both lists show some -is/i, -it, -ip, -is endings, and initial nasal clusters, but these are not consistently distributed.","Most of the forms in bag_a center around short, simple CVC or CVCVC shapes featuring -ip/ep/p codas and occasional nasal initials, which surface sporadically in bag_b (sip, sapsip), but the majority of bag_b is polysyllabic with differing structures and little recurrent similarity. There are isolated possible shape overlaps, but little strong or systematic segmental recurrence across both bags.",28,80,0
110,climb,2,"Some superficial similarity in CVN patterns, occasional bilabial or nasal-initial syllables (e.g., forms with ma-, pa-, pi-, pu-, mu-, mi-); both bags have bisyllabic or polysyllabic forms; no widely recurring segmental skeletons across both sets.","Both sets show a wide diversity of forms with various syllable patterns, but recurring roots or shapes (like pin-/pɪn-, pan-, ma-, ka-) that are abundant in bag_a are not systematically matched by similar forms in bag_b. There are isolated similarities like the presence of forms beginning with p/m/k/n and the use of -n/-m endings, but these are generic and not concentrated in both bags. There is no convincing pattern of shared, repeated skeletons to suggest promising hypothetical cognacy.",33,80,0
111,hear,1,none noted,"There are no clear, widespread recurring phonological shapes in both bags. While both sets show some internally repeating patterns (e.g., frequent 'ŋ' or nasal-final forms in bag_b, and certain syllable-structures in bag_a), these do not align across the two bags. No plausible shared skeletons or correspondences are found.",40,80,0
112,smokeexhaust,2,"Some superficial similarities in CVCV, CVCVC, or VCVN strings (e.g., 'wan', 'kwan', 'hɔn', 'aso', 'kahu', 'polo'), and a few repeated syllable structures involving labial and velar elements. However, there are no widespread, distinctive, recurring segmental shapes across both bags.","The forms in both bags occasionally share generic syllable structures (such as -an, -wan, -on, -asu, CVC or CVCV), but the repeating shapes within each bag (e.g., 'kwan', 'fai', 'wan' in bag_a; 'asu', 'so', 'bol' in bag_b) do not cross over between the bags. No clear pattern of segmental correspondences or repeated forms spans both bags, making robust hypothetical cognacy unlikely on form alone.",30,80,0
113,stand,1,none noted,"Bag A shows strong convergence on CVn-type syllables with frequent use of medial or final n, ŋ, or nasal clusters (e.g., in, ən, ɨn, u:n, ŋ). Bag B, by contrast, exhibits much more varied and complex forms, with less recurring use of these shapes or segments. No significant patterns of segmental similarity recur across multiple items in both bags, and there is no clear shared phonological skeleton in evidence.",31,80,0
114,sit,2,"Some nasal-final syllables (-ŋ), but otherwise limited recurring shapes.","A fair number of forms in both bags end with -ŋ or contain -ŋ (e.g., naŋ, laŋ, coŋ, tsɔŋ in bag_a; taloŋ, maluŋqu, sioŋ, aharaŋ in bag_b). However, aside from nasal codas, the segmental shapes and syllable structures otherwise differ greatly and there are no clear recurring roots or widespread patterns linking the two sets more deeply.",20,80,0
115,louse,1,none noted,"Bag A displays recurring 'nan', 'man', and 'tan' shapes, while Bag B overwhelmingly contains forms of the shape 'kutu', 'koto', 'kucu', 'kut', 'kuto', etc. There is no noticeable overlap in syllable structure, onset/coda patterns, or recurring consonant-vowel skeletons across multiple items in both sets. The two bags do not show compelling evidence for hypothetical cognacy on segmental shape alone.",23,80,0
116,see,1,"Minimal overlap; some semblance of CV nasal-final forms (e.g., han, nan vs. niŋ, rang), but these are extremely generic. Many forms differ greatly in syllable structure and segmental inventories.","There is little evidence of widespread, non-trivial shared shapes or recurring patterns between the two bags. The forms from bag_a (e.g., han, nan, laŋ) and isolated nasal-final forms in bag_b (e.g., niŋ, rang) are highly generic and likely to occur independently. No convincing correspondences or recurring segmental patterns span both sets.",23,80,0
117,feather,2,"Some similar CVN/CVŋ and bilabial-initial forms (pun, pɨn, bun vs. bun, buɾ, bɨm'bu, bobow), and nasal-final patterns, but widespread recurrent forms not found.","There are isolated syllabic similarities such as nasal-final (pun/pɨn/hun|bun/buɾ/bɨm'bu), and some forms in both bags use initial bilabials or k-/g-/h- series, but overall most forms do not align well. The similarities are relatively superficial and do not recur across many items in both lists.",24,80,0
118,that,2,"Some overlap in CVN (e.g., 'nan', 'yan', 'kjen', 'koani', 'kjen', 'ina'), n-initial and a-final forms, repeated 'an', 'na', 'an' strings, but overall segmental matches are limited and inconsistent.","There is some recurrence of open syllables ending in -n/-na and some forms with initial k-, n-, or a-, but full segmental similarity is sparse and inconsistent across the sets. The shared shapes are quite general CVN and CV structures, and there are only a few cases of remotely similar patterns without strong or widespread regularity.",21,80,0
119,this,4,"Extensive recurrence of ni, nai, nei, nii, nen, and nan shapes across both bags; many C-initial + ni/nei/nai/nin forms.","Both bags strongly favor forms built around a simple nV or nVn skeleton, with ni, nai, nei, nii, and nen/nan repeatedly found in each set as independent forms and as components of longer compounds. There is also evidence of similar morphological extensions (preposed and postposed elements), as well as considerable overlap in the distribution of nasal-initial and high-front vowel core forms. The widespread recurrence of highly similar CV and CVC shapes, particularly with final -i or -e, raises the score to nearly the highest level.",17,80,0
120,belly,2,"Marginal resemblance of 'po-' / 'pɔk', and limited overlap in -ŋ/-k/-n endings; some forms in both bags show 'po', 'pu', 'bo', 'to', but correspondences are inconsistent and not widespread. No clear, recurring CV(C)-ŋ or CV(C)-k pattern across sets.","There are sporadic phonological similarities such as 'po-', 'bo-', and some nasal codas like -ŋ or -k, especially in short forms, but these do not appear with enough regularity or systematic patterning between the two bags to look strongly promising for hypothetical cognacy. The internal variation within each bag is high, and most similarities are isolated or likely coincidental.",11,80,0
121,back,1,none noted,"The two bags display little overlap in recurrent segmental patterns. Bag A has a strong emphasis on forms centering around 'laŋ', 'lai', or 'la:i', often with preceding syllables like 'pa', 'pɜi', or 'pe', as well as frequent nasal finals. Bag B shows frequent use of 'ku', 'lik', and extensive CVCV or CVCVCV patterns but lacks the systematic 'laŋ' or similar forms found widespread in bag A. No recurring segmental shape is prominent across both bags, suggesting little evidence for hypothetical cognacy on phonological shape alone.",27,80,0
122,house,2,"Moderate recurrence of CVN and CVN(V) and CVVC patterns in both bags, with some items featuring /l/, /n/, /m/, /b/, /r/. Syllables like 'ban', 'lan', 'ran' (bag_a) and 'bal', 'ban', 'lan', 'rum', 'lom' (bag_b) hint at a few loose similarities but with mismatched finals and inconsistent consonants.","Both bags contain many disyllabic and monosyllabic forms with nasal and liquid finals (like -n, -m, -l), and some initial labial and liquid consonants. However, there is no strong, persistent sequence or pattern mapped widely across both sets, and much of the apparent overlap is on common syllable shapes rather than specific consonant/vowel skeletons that would suggest hypothetical cognacy. Thus, only minimal support is present.",28,80,0
123,stone,1,none noted,"Bag A is dominated by forms with a -in or -ɪn nasal coda, often with voiced or palatal/glottal onsets (e.g. ɣin, jɪn, lin, hin, tin), sometimes appearing with tsh- in another clade. Bag B is heavily dominated by disyllabic (C)V(C)V forms, especially with patterns like batu, bato, fatu, pat, vat, etc., showing a b/p/f/v- initial and a (C)V ending, often -tu/-to or -at. There are no repeated segmental skeletons or dominant shared substructures across the sets; both the onsets and rhyme structures are fundamentally different, and no widespread patterns recur in both sets.",20,80,0
124,spit,2,"Some syllable structures like 'tu', 'la', and 'na' appear in both bags, and a few forms show similar CV combinations (e.g., 'tupa', 'tubad', 'tumukpa' in bag_b vs. 'tu', 'nam', 'na:m', 'lam' in bag_a), but overall most forms differ considerably in shape and segmental makeup.","There are a handful of superficially similar syllables (such as 'tu', 'la', and 'na') and clusters like 'nam', 'lam', 'la:i', but these are common patterns and do not recur systematically across both bags. Most word forms otherwise diverge in consonant and vowel sequences, and no compelling widespread recurring shapes link the sets.",22,80,0
125,rotten,2,"Some forms in both bags with final -m, -n, -k, or -ŋ; some CVm and CVn shapes; presence of some nasal or liquid-initial forms (na-, ma-, la-, lu-) in both bags. Isolated CVC and CVVC patterns also match, but with little systematicity.","There are some superficial shape similarities like CVm, CVn or CVk/ŋ codas, and occasional matches in syllable structure (e.g., lau : pilau, map : mapuhəð), and nasal/liquid-initial roots (na-, la-, ma- in both sets), but these are relatively common cross-linguistically. There is no pervasive or systematic phonological match across the sets, but a few forms suggest a distant or accidental resemblance.",26,80,0
126,dust,3,"Recurrent labial-initial or labial syllables (fu-, bu-, pu-, phu-, mu-, fun, bun, fɔn, fon, etc. in bag_a; buq, pua, fafen, bunuvun, papau, vovok, vovot-, etc. in bag_b). Some nasal-initial syllables (muk, mon, moŋ, mok in bag_a; mragu, nemu, namaxaɸ in bag_b) and some final -k/-ŋ/-n codas recur, but full forms rarely closely match.","There appears to be repeated use of labial consonants (f/p/m/b/v) as onsets, as well as some shared VC shapes involving -u-, -o-, -a-, and nasal codas in both sets. However, although such syllables and codas are numerous in each set, closer matches beyond generic CVN/CVC patterns are scarce, and long exact sequences are not widely shared. The overall shape similarity hints at potential, but without strong, clear, multi-item correspondences, the evidence is moderate but not strong.",29,80,0
127,correctright,2,"Some possible overlap in CV/VCV(C) structures, nasal codas, and initial m-, t-, or p-, but no clear recurring roots or segmental patterns shared widely across both bags.","While both bags exhibit a variety of CV, CVC, and disyllabic structures, there is little compelling segmental similarity linking forms across the two bags. Some words in both sets begin with m-, t-, or p-, and both feature nasal and liquid codas, but these are predictable phonotactic patterns rather than strong evidence of hypothetical cognacy. No root shape or segment sequence appears recurrently and distinctively in both datasets.",23,80,0
128,liedown,1,none noted,"There are no clear, widespread recurring segmental shapes across both bags. While a few forms across both sets feature nasals and sequences like 'nVn' or 'ŋ', such CVC or nasal-final structures are common and not uniquely shared. Overall, the segmental skeletons in each bag differ greatly and do not suggest promising hypothetical cognacy.",31,80,0
129,how,2,"Recurrent nasal-final and nasal-medial syllables (e.g., -nV, -ŋ, ma-, na-, pan-), some CVC and CV: patterns, presence of forms with reduplication or similar elements (e.g., ma-, pan-, ku-/kura). Otherwise, segmental overlap is limited and consistent correspondences are not clear.","There are a few superficial similarities, such as widespread nasal-initial, nasal-final, and some repeating syllables like ma-/na-/pan-, and some forms with similar CVC or disyllabic skeletons. However, the patterns do not appear systematically correlated or widespread between the sets. Most shapes are divergent and any overlap is likely coincidental or typologically common.",40,80,0
130,blunt,2,"Some mVn/mVm shapes, scattered labials (m, p, b, f) in CVC roots, presence of ŋ-initial forms, but little consistent or systematic similarity across bags beyond chance-level syllable skeletons like CVC/CVNC.","Both bags have numerous CVC and CVNC shapes, with recurrent nasals (m, n, ŋ) and labials, suggesting a few superficial lookalikes (e.g., 'mun', 'kum', 'mau', 'mum', etc.). However, shared shapes do not recur systematically across multiple items—the overlap appears sporadic and not widespread enough to significantly signal hypothetical cognacy on shape alone.",37,80,0
131,wide,2,"Isolated shared elements such as -aŋ/~-aŋg and initial kwa-/khwa- vs. labiovelars, but not widely recurring in bag_b.","While bag_a shows a strong concentration of forms like kwa:ŋ, khwa:ŋ, and ka:ŋ, only a handful of bag_b forms (e.g., labaŋ, dalábaŋ, balaha, lamang, ma'lawang) show noticeable overlap in the sequence -aŋ or similar endings. Possible resemblance in /kw-/ and labial-initials is too sporadic across bag_b and does not create a widely shared, systematic shape. Overall, widespread recurrent shapes are not observed in both bags, making the hypothetical cognacy weak on segmental grounds.",19,80,0
132,sea,2,"Some isolated similarities such as ha:i~hawa, mo.ŋ~moi/mɔhin, la:ŋ~lavək/lawud/lawan, but these are scattered and not widespread; -ai/-awi/-ay/-oi/-a:i/-ay/-oi/-awi/-au final sequences appear in both bags, but overall shape similarity is weak.","There are a few superficial resemblances such as initial ha-/ho- and nasal+vowel sequences, and some final diphthongs like -ai/-oi/-ay/-aw. However, these are not widespread patterns across both sets, and the predominant consonant and vowel structures diverge in most items. This set has limited promise for hypothetical cognacy based on form alone.",18,80,0
133,fall,2,"A recurring CV(k) shape like 'tok', 'tɔk', 'tˢok' and 'tak' appears in both bags. Some weak echoes with initial 't-' or 'm-' forms, but overall little consistent multisyllabic patterning.","Bag A contains a strong cluster of 'tok/tɔk/tok/thok' forms and some monosyllabic shapes, while Bag B has a few items like 'takawa', 'tˢoβi', '-tak', 'tatɨk', and 'tapu' that have some overlap with the 'tok/tak' shape. However, there is little indication of widespread or systematic shared patterns beyond these isolated similarities, and the majority of forms do not match well in segmental structure.",17,80,0
134,count,1,none noted,"Bag A forms are generally short with simple CV(C) shapes and frequent nasal, liquid, and glide segments, such as nai, jai, nap, and son. Bag B is dominated by longer forms, many with complex clusters, reduplication, or multiple syllables (e.g., bilang, lumpu', masipul, soməpə', tau-ria), and has little recurring phonological resemblance to Bag A's forms. No noteworthy recurring phonological patterns are shared widely across both bags.",13,80,0
135,dig,2,"Some shared CVC shapes with medial/labial onsets and -t/-k codas (e.g., wa:t, pa:k ~ forms like kali, kutkot, kakali), but overall little consistent resemblance and limited broad recurring shape matches.","Bag A prominently features (C)wa:t, (C)weːt, (C)va:t, with CVC structures and finals like -t/-k, while Bag B shows a much wider variety with some CVC formations and some forms (like kali, kutkot, kakali, kali) repeating. However, the overlap in phonological structure is weak, with only sporadic and superficial matches mostly in the CVC template and use of coronal/labial consonants. No widespread, convincing recurring patterns suggestive of hypothetical cognacy.",30,80,0
136,mosquito,2,"Marginal overlap in CVŋ/CVn, nuŋ/ŋoŋ with namu/nam/nim/nanu-; otherwise little recurrent segmental similarity.","Both bags have multiple forms with a nasal plus high vowel plus velar nasal or 'n' endings (e.g., ńuŋ, juŋ, nim, namu), and a few forms with 'ŋ'-final shapes or CVn/CVŋ patterns, but these are both typologically common patterns and not particularly diagnostic. Overall, there is little systematic shared segmental structure or persistent recurring shape across more than one item in both sets, so hypothetical cognacy is not strongly supported.",18,80,0
137,when,2,Some nasal-initial and CVN or CVVN shapes recur in both bags; rare partial matches like 'nai/na' or 'kau/ka-' but generally distinct segmental profiles.,"While both bags contain some forms with similar syllabic patterns (e.g., CVN, CVCV, and forms with initial nasals or k-/n- onsets), the consonant and vowel sequences diverge substantially overall. Only occasional similar shapes like 'na', 'ka', and 'nau/nu' appear, but these are scattered and often not in analogous environments, giving limited support for widespread hypothetical cognacy.",40,80,0
138,squeeze,2,"Some recurring nasal-final (CVC nasal) and CVC sequences like 'pan', 'kan', 'nɛn', 'ɐn' in bag_a; similar CV(C)N syllables in a few bag_b items (banan, manandaitsy, namo, namu), but otherwise overall root structure and consonant clusters diverge.","While there are a few CVC and nasal-final shapes that superficially match across the bags (such as 'pan', 'kan', 'nɛn' and 'banan', 'namo', 'namu'), these are isolated and do not show cohesive, widespread patterns. Most forms in bag_b are longer and have complex clusters unlikely to correspond regularly to shapes in bag_a. Thus, only weak, isolated shape resemblances exist.",27,80,0
139,throw,1,none noted,"There are no clear recurring segmental patterns between the two bags. Bag A shows many forms with final -t/-k and clusters of 'v', 'w', and 'd' in the onset, whereas Bag B exhibits a greater diversity of complex syllables, varied final consonants, and little resemblance in common phonological skeletons. No shape recurs widely across both sets.",36,80,0
140,spider,2,"Recurring 'ka', 'ku', 'ŋ', and syllabic reduplication in both bags; also widespread CV:ŋ/CV:w/CV:ŋa type forms and some 'law/lawa' in bag_b matching 'la' and 'lo' in bag_a, with possible nasal-final forms in both.","There are a few recurring patterns such as initial 'ka-/ku-', nasal codas ('ŋ'), and some reduplicated forms present in both bags. However, the overall segmental similarity is fairly superficial, and most forms do not clearly match across the sets. Only sparse partial patterns are shared but nothing systematic or widespread enough to strongly suggest hypothetical cognacy.",36,80,0
141,dreamsomething,1,none noted,"On shape alone, the forms in bag_a and bag_b exhibit distinct consonant and vowel structures, with no obvious recurring patterns or segmental affinities present across both bags. Even among multi-syllable strings, there is no clear evidence for systematic correspondences or widely-shared skeletons. Any minor superficial similarities (e.g., presence of nasal or stop + vowel + nasal sequences) are isolated and not recurrent on both sides.",33,80,0
142,warm,1,none noted,"There is minimal segmental overlap between the two bags. Bag A is dominated by short (C)V(C) syllable strings with many forms involving 'au', 'un', 'u:n', or 'am/um' shapes, and several syllables starting or ending with nasals or liquids. Bag B, in contrast, is more polysyllabic, often contains clusters, reduplications, and longer forms with little resemblance to the recurrent CV shapes of Bag A. No widespread, plausible correspondences or shared skeletons are found.",26,80,0
143,flow,2,"Some apparent similarity in VC sequences such as 'lui', 'luiʔ', and 'lui' segments present in both bags; loose resemblance with C-l-(V)i/u shapes (e.g., 'lui', 'luiʔ', 'loi', 'lui', 'qluli', 'qəlúlui', 'mqluiʔ').","While most forms are quite different, there is a limited pattern where 'lui' or similar (loi/lui/luiʔ/luli) appears multiply in both bags, particularly in some Formosan forms and multiple Tai/Kam-Sui items. However, overall segmental resemblance across bags is weak, and apparent shape overlaps are rare and mostly confined to a single segment cluster.",24,80,0
144,and,2,"Possibly recurring nasal-final CVC shapes (e.g., taŋ, kan, tan, nan, jan), and some overlap with CV(C) forms starting with k-/t-/m- (e.g., kap~kag/kág, taŋ~tan, neɐm~nia/neu/noo), but these are common patterns and may be accidental.","While both bags show a prevalence of short CVC/CVVC forms with nasals and stops, and there is some overlap in syllable patterns and initials like k-, t-, and m-, these shapes are very common cross-linguistically and infrequent precise matches occur. There are one or two possible correspondences (e.g., taŋ~tan), but widespread robust shape similarity is lacking.",30,80,0
145,dirty,1,none noted,"There are no clear, recurring segmental patterns, consonant clusters, or vowel structures that are widespread in both bags. Most forms are quite distinct in their phonological makeup. While both bags include forms with CV or CVCV shapes and a few nasal/consonant-initial forms, the overlap is not systematic or consistent enough to suggest promising hypothetical cognacy.",22,80,0
146,chew,2,"Isolated similarity: 'ŋau' occurs in both bags; both bags feature some forms with nasal-vowel clusters (e.g., 'mam', 'mamam', 'ńa:i'), and reduplicated/m-bilabial-heavy forms, but no widespread, clear patterns matching across both bags.","The only directly repeated form between the two bags is 'ŋau', which could suggest a possible connection, but is a single, isolated instance. While both bags have a number of forms featuring nasal or bilabial initial segments and potential reduplication, these are not systematic nor clearly matched in shape across many items. Overall, there is little compelling evidence for broad hypothetical cognacy in the set.",21,80,0
147,needleforsewing,2,"Some overlap in -m final syllables (e.g., sum/sim/sɪm/səm vs. hum/gum/um/umu/mum/umay), but most initial clusters and vowel patterns differ; only partial, non-persistent resemblance in endings.","Both bags have a number of items ending in -m or -um, and some with s-like or t/k onsets, but the commonalities are limited mostly to the final syllable. The majority of initial and medial consonants, as well as vocalic patterns, do not correspond regularly, and recurring shapes in one bag (e.g., various -im/-em/-am/-um) do not have clear and repeated partners in the other. There are isolated superficial similarities but not widespread, systematic segmental matches.",30,80,0
148,thousand,1,none noted,"Bag A is dominated by forms with s/ɕ/ś/tɕ + i/e + n structure, often CVN or CVCVN syllables, with heavy use of palatal and alveolar fricatives or affricates and front vowels. Bag B is mostly characterized by forms in libu/ribu/βu (CVbu) shapes, as well as a wide variety of polysyllabic and compound-like forms. There are no compelling recurring phonological skeletons or correspondences across both bags, and no shape appears to be even loosely widespread in both sets.",30,80,0
149,fruit,2,"Possible overlap in ma:k, mai, mak, and bu(a/o)-, bua, boŋ, but these are isolated and do not show consistent, widespread, or systematic resemblance in structure across both bags.","While there are individual forms such as ma:k (bag_a) and forms beginning with bu-/bo-/bua- (bag_b), no clear or widespread recurring segmental pattern is robustly present in both bags. Shapes like 'ma:k' and 'bua' might suggest shallow resemblance, but these are sporadic and not systematic. Overall, broader structural correspondences and repeated patterns are lacking.",23,80,0
150,hunt,1,none noted,"Despite both bags containing a relatively high number of forms with initial t/k/p and some CV or CVC shapes, there are no obvious recurring phonological skeletons or segmental patterns aligning widely across both sets. Any similar-sounding forms appear chance-like and not systematic or widespread. The overall segmental makeups are distinct and lack promising correspondences.",35,80,0
151,smellperceive,2,"Very limited overlap: a few vague CVCV patterns, nasal-initial CVN/CVM clusters, and rare similar syllable shapes (e.g., mau ~ ʈəmaul, mau ~ mai), but no widespread recurring roots or robust correspondences across both bags.","The two sets show a wide variety of segmental patterns and little evidence of systematic recurrence of shapes or clear correspondences. Occasional surface similarities like 'mau' (bag_a) and 'mai', 'mahamot' (bag_b), or some final -m, -n, -p/-b forms are best attributed to general phonotactic tendencies rather than robust evidence for hypothetical cognacy.",22,80,0
152,yawn,1,none noted,"Bag A is dominated by CVV and CVC syllable types, with numerous forms containing elements like 'ha:u', 'hau', 'lum', and 'lam', and multiple concatenations with '+', but these shapes are not clearly matched by wide-spread forms in bag B. Bag B contains many repeated 'ma-', 'mama-', 'mava-', 'swab', 'yab', 'waw', and 'ab' sequences, usually in longer, reduplicated or suffixed multisyllabic forms. No consistent or widespread segmental shape, reduplication, or skeleton recurs across both bags.",34,80,0
153,if,2,"Some matches like 'laŋ', 'ko', 'na', 'ka', 'ŋ', and similar open syllables; possible recurring nasal, liquid, and velar shapes; however, shared patterns are only weakly attested and never tightly matched across both bags.","Both bags contain forms built from open syllables, with particular recurrence of 'la', 'ka', 'na', 'ŋ', and 'ko' sequences, and some medial nasal or liquid segments. These common shapes could arise via coincidence given their ubiquity. There are no striking widespread, specific recurring templates in both bags, but a handful of segmental overlaps warrant a low generosity score rather than outright rejection.",30,80,0
154,thunder,2,"Scattered labial-initial CV and CCV shapes (e.g., pja, po, pu, pha/faa, pl- in bag_a; pyu, bru, plu, bu-, pa-, pi-, pu- in bag_b), but no strong recurring correspondences across both bags, and syllable structures differ widely.","Both bags show some superficial overlap in bilabial-initial clusters and syllables (pja/fa/po/pu versus pyu/bru/plu/pa/pi/pu in various forms), but these are broad shapes and appear across multiple unrelated items in both sets. However, there are no clear, repeated, systematic correspondences or strongly matching roots widespread in both bags, and the overall phonological profiles and syllable structures are quite different. Only isolated and typologically common shapes are shared.",30,80,0
155,cooksomething,2,"Noted widespread CVN and CVCV(C) patterns, a few forms with -ŋ/-n/-m codas in both bags, and scattered similarities like 'tuŋ', 'tom', 'tum' in bag_a and 'tunu', 'tomalək', 'maluto', 'duto', 'tunuk' in bag_b, but no robust, recurring segmental skeletons across both bags.","While both bags contain some n/m-final syllables and CVN forms, and a few biforms with medial liquids or labials, the overall shape matches are weak and inconsistent. No strong, repetitive shared skeletons suggest possible cognacy; similarities are limited to very general syllable patterns and a few coincidental lookalikes.",26,80,0
156,shoot,1,none noted,"Bag A contains a large number of forms with a recurring 'ŋ' final and mostly monosyllabic or disyllabic shapes, such as (C)(j/i/ɪ/ŋ) patterns. Bag B is dominated by polysyllabic, complex forms, with a recurring 'pana' shape and various other distinct roots and affixes. No widespread shared skeletons or patterns are apparent, and no recurring shapes are matched across both bags.",18,80,0
157,lightning,3,"Multiple forms with -lap, -lɛp, or -jap in bag_a align roughly with forms like 'lapet-', 'ladjap', and 'idlap' in bag_b. Some matching onset consonant clusters (l-, p-, m-) and repeated syllable patterns (e.g., la-, ma-, va-), but many forms in bag_b diverge significantly.","There is some promising overlap in the segmental shapes, especially around 'lap', 'jap', and similar syllable structures. Several forms in both bags share CV(C)VC patterns and consonant/vowel skeletons. However, for most items, the correspondences are limited or obscured by divergent forms, making the overall hypothetical cognacy only moderately promising based on shape alone.",32,80,0
158,plantsomething,2,"Some nasal clusters (m-, n-) and -am/-an/-um/-om/-aŋ/-am/-an/-am final nasal/coda patterns visible in both, but otherwise overall structure and consonant sequences diverge.","Both sets display a certain recurrence of nasal consonant-initial forms and syllabic structures ending in -m or -n, and there are scattered matches in overall CV(C) shape. However, the segmental composition, affix patterns, and root shapes otherwise diverge considerably and there is not enough recurrent structural similarity, so hypothetical cognacy is not strongly supported on shape alone.",22,80,0
159,lake,2,"Some recurring shapes in bag_b like -naw, -law, -laŋ, -luŋ, -ŋa; bag_a has forms like laːŋ, waŋ, nɔ:ŋ, ɹaːŋ, and lo:ŋ, but no widespread, systematic segmental matches.","Both bags feature forms ending in -ŋ and nasal-final syllables (e.g., laːŋ, waŋ in bag_a; lanaw, banaw in bag_b), but the correspondences are limited and irregular. There is no strong shared consonant/vowel skeleton recurring widely across both sets, and most similarities appear coincidental or marginal rather than systematic.",20,80,0
160,fatorganicsubstance,2,"Some recurring VC and CVC forms with 'man', 'mai', 'na', and 'la:u' in bag_a and similar 'ma', 'mana', 'mai', 'man', and 'kao', 'la' in bag_b; overall, segmental similarity is weak and not systematic.","There are a few strings in each bag whose shapes loosely resemble each other (e.g., 'man', 'mai', 'na', 'la:u'), but these are mostly simple CV or CVC syllables found cross-linguistically and do not recur in both bags in a systematic, patterned way. Most items do not show consistent correspondences or shared structural patterns. The superficial overlap is likely coincidental, so hypothetical cognacy on shape alone is not strongly supported.",23,80,0
161,far,2,"Some overlapping patterns: -ai, -ay, initial k-/kj-/kl-, and medial/lateral l/j elements occur in both bags, but matches are often vague or componential rather than whole word shapes.","While there are some superficial similarities, such as recurring final -ai/-ay/-ei syllables and some initial k-/kl-/kj- clusters in both bags, these are common phonological patterns and no strong, consistent shape correspondences recur broadly across both sets. No clear, widespread template points to hypothetical cognacy beyond chance-level resemblance.",26,80,0
162,in,1,none noted,"The forms in bag_a predominantly display syllable structures rich in initial glottal or voiced stops followed by vowels with little resemblance to the more complex, multisyllabic and varied onset structures in bag_b. No recurring root shapes, segmental templates, or consonant/vowel sequences are shared widely across both bags to suggest hypothetical cognacy.",17,80,0
163,we,4,"Strong recurrence of CVVC/VVC shapes with t/k initial and a/u/i vowels across both bags, notably forms like 'tau', 'lau', 'toi', and 'kat-/kit-/tik-/ita' sequences in both sets. Many forms cluster around (C)(i/u/a)t(a/u/o) and identical syllable sequences (e.g., 'tau', 'lau', 'kita', 'ita').","There are clear widespread segmental parallels between the bags: both feature many forms with 't/k/i/u/a' structures and frequent bisyllabic CV.CV or CVCVC words. Recurring shapes like 'tau', 'lau', and 'kita/ita' appear in both sets, strongly supporting hypothetical cognacy based solely on form, especially given their distribution across several different clades in both bags.",26,80,0
164,say,1,none noted,"Overview of the segmental shapes reveals no significant or recurring phonological patterns shared across both bags. Although both bags have a variety of forms that sometimes contain similar phonemes (such as initial k- or presence of nasal codas), there are no systematic or widespread matches in their consonant/vowel sequences or syllabic structures. Similarities appear coincidental and scattered, without evidence of recurring or regular phonological correspondences.",23,80,0
165,hide,1,none noted,"There are no clear, recurrent segmental shapes or consonant-vowel skeleton patterns that appear across both bags. Some bag_a items cluster around C(V)u and CVC forms, but these patterns do not show systematic matches in bag_b, where forms are generally longer and more complex. No promising wide shape similarities indicating hypothetical cognacy are observed.",12,80,0
166,scratch,2,"Some overlap in the presence of initial k-, ka-, ko-, and final -ai/-oi/-au vowels, as well as -k- and nasal/velar segments, but these are not systematic or especially distinctive; clusters and reduplicated forms are more frequent in bag_b. Few if any highly distinctive patterns recur strongly across both sets.","While both bags contain several items with initial velar stops (k-, g-, ŋ-) and some CV(V)N/CVVC patterns, the overlap is mostly in very common phonological structures. Bag_a is much shorter, with little internal variation, and while bag_b is rich in types, the matching shapes are not widespread or diagnostic. No strong, systematic patterning stands out for hypothetical cognacy.",10,80,0
167,at,1,none noted,"There are no recurring segmental shapes or consonant-vowel skeletons that are widespread in both bags. Bag A tends to have monosyllabic or simple disyllabic forms with initial palatals, fricatives, or stops and complex vowels, while Bag B displays a wide array of shapes, many of them longer and involving clusters or nasals uncommon in Bag A. There are no clear recurring patterns to suggest hypothetical cognacy.",8,80,0
168,fearbeafraid,1,none noted,"Bag A forms are generally short CV, CCV, or CVCV(V) structures, with high prevalence of labial, velar, and lateral onsets, and diphthongs or long vowels, while Bag B forms are much longer, frequently with complex consonant clusters and affixal elements (e.g., initial 'ma-', 'mi-', 'mata-'). There is no recurrent pattern or segmental skeleton consistently linking the two bags, and no plausible correspondences across multiple items.",6,80,0
169,heorshe,1,none noted,"The forms in bag_a are tightly similar, all with initial 't-' and vowel nuclei like 'e', 'i', or 'ɛ' with a final glottal stop, except for one divergent 'man'. Bag_b, however, shows a great diversity of shapes and syllable structures, with no strong similarity to the patterns in bag_a. No recurring segmental skeletons appear widely in both bags, so hypothetical cognacy is not supported on shape alone.",4,80,0
170,branch,2,"Possible overlaps in nasal-stop plus high vowel (e.g., 'ŋiŋ' in bag_a and 'ŋa', 'ŋo', or 'ŋe' clusters in bag_b); some final -ŋ in both, but shapes and structures diverge considerably overall.","While there are a few superficial similarities, such as nasal-initial sequences ('ŋi', 'ŋe', 'ŋa' in bag_a and 'ŋa', 'saŋa', 'taŋa' in bag_b), the bulk of forms in both bags do not align in consonant-vowel skeletons or recurrent patterns. The overlap is mainly in general nasal and high vowel segments, and final -ŋ elements, which are relatively common structures and could be coincidental.",11,80,0
171,burn,1,none noted,"There are no strongly recurring or widespread shared segmental patterns between the two bags. Bag A's forms cluster around patterns like -am/-au/-ou and initial palatal or sibilant consonants (e.g., pj, tɕ, ɕ), while Bag B is highly diverse and lacks corresponding concentration of similar forms or segmental templates. Any similarities are isolated and do not appear systematically on observable phonological shapes.",18,80,0
172,blowofwind,4,"Frequent sharing of p/b/f/v and u/i/o vowel patterns, especially C-u/i-p/F roots (e.g., 'hip,' 'jəp,' 'zəp,' 'piu' in bag A and 'jup,' 'mi'úp,' 'iupɨn,' 'yip,' 'uvup' in bag B), plus some strong overlap in forms with final -p, -f, or -v endings.","Both bags show recurrent CVp/CVf patterns with u/i vowels, and bilabial or labiovelar consonants (p, b, v, f) as onsets or finals, which are distributed widely in both sets. Shapes like 'jəp,' 'zəp,' 'hip,' 'piu' (A) and 'jup,' 'uvup,' 'yip,' 'mi'úp,' 'iu-p' (B) reinforce the similarity. While not all forms are matched, the recurrence and spread suggest promising shape-based hypothetical cognacy.",14,80,0
173,old,1,none noted,"There are no recurring segmental patterns or consonant-vowel skeletons that can be identified as shared across multiple forms in both bags. Bag_a forms are generally short and simple, while bag_b forms have more complex and varied structures, with no consistent overlap in form. Isolated superficial similarities (e.g. presence of 'l', 'k', or diphthongs) appear accidental and not systematic.",11,80,0
174,suck,2,"Marginal resemblance of CVC (especially C-u-t/p) and CVCVCV, with both bags showing items like 'cup', 'dup', 'dut', and various forms with repeated or reduplicated CV syllables (e.g., 'supsup', 'sipsip', 'səpˈsəp'). However, segmental details and consonant stock differ and there is little systematic overlap.","Both bags contain a small number of superficially similar CVC forms (e.g., 'cup', 'dup', 'dut' in bag_a and 'dup', 'hup' in bag_b), and bag_b has multiple reduplicated or repeated CV syllables, echoing minor echoes of 'cup' in bag_a. However, overall phonological structures and consonant patterns differ, and systematic, widespread correspondences are not apparent. There is little broad evidence for widespread shared shape.",18,80,0
175,beloworunder,2,"Some CVC and disyllabic shapes recur (e.g. forms with initial 'ka-', 'la-', and medial '-pa-', '-ta-', '-na-' in both bags), but most similarities are isolated and do not form widespread patterns across both sets.","A few superficial shape similarities exist (such as 'kha/kha:', 'ka-', 'pa:', 'la-', and 'tam/tamu'), but the overall variety in segmental patterns and the lack of consistent or systematic correspondences across several items in both bags makes widespread hypothetical cognacy unlikely. The observed overlaps appear to be accidental and limited to generic phonological templates.",22,80,0
176,grow,2,"Possible recurring CVV(C) shapes with /tVbV/, /tub/, /tom/, /too/, /to:/, /tupu/, /tum/; some similar nasal and lateral forms (loŋ, lu:ŋ, loŋ ~ lumaki, lumuːk), but correspondences are scattered and not systematic.","A few segmental patterns, like t-b or t-m with a rounded vowel nucleus (e.g., tom, too, to:, tubu, tum), can be matched across both bags, and rare forms with l or n plus a back vowel are also sporadically seen. However, these similarities are generally isolated, not widespread, and there is no clear system of correspondences, making hypothetical cognacy on shape alone not strongly supported.",21,80,0
177,twenty,2,"Both bags display some recurrent CV(C)V(C) sequences with 'p/l' and medial/lateral resonants, and some forms in both bags show repeated segments such as 'pu', 'lu', 'sa', but these are not widespread and do not form a consistent recurring skeleton across both bags; overall structure seems distinct.","A few segmental similarities like 'pu', 'lu', and 'sa' clusters are seen in both sets, but these are inconsistent and often appear in different phonological contexts. Most forms in bag_a display ni-/ji-/sa- patterns alongside -sip/-sup/-sep endings, while bag_b is dominated by more polysyllabic, cluster-rich items with recurrent 'pulu', 'mpu', or 'sal' sequences, but without pervasive, systematic correspondences. The overlap is limited and mostly sporadic rather than systematic.",20,80,0
178,hold,1,none noted,"Across both bags, there is a lack of recurring consonant-vowel skeletons or plausible phonological correspondences that would support hypothetical cognacy. Bag A words are generally short and have different syllable structures from the more complex and polysyllabic forms in Bag B. No shape patterns repeat in both sets in a way that would suggest common heritage.",18,80,0
179,split,2,"Some overlap on simple CV:k and pV forms (e.g., pha(k), pa:k, ba(k), biak, baká, pəscák, busak), and 'ph'/'p' initial with low vowel and coda k appears in both bags. However, the overall distribution is sporadic and most recurring shapes are not shared widely between the two sets.","While both bags contain forms with initial p-/ph- and coda -k (e.g., 'pha:k', 'pa:k' vs. 'baká', 'busak', 'biak'), and both pV and ba/pa forms appear multiple times, the general structure and syllable makeup of most items in each bag is quite divergent. Only a few shapes (e.g., CVC, initial p-/b-, coda k) recur across both, and they're not sufficiently widespread or distinctive to warrant a higher score.",17,80,0
180,bedeadordie,4,"Extensive recurrence of CV(V)C and CVCV strings with t/i, m/a, t/a elements; widespread 'mat-', 'pat-', 'tai', 'maCai', and 'mati/matey' motifs in both bags.","Both bags show repeated forms with initial m/p/t clusters and following a/i vowels, including shapes like 'tai', 'mat', 'pat', and 'mate'. Bag_b displays an especially pervasive cluster 'mat-', 'pat-', and 'tai', which correspond to 'tai', 'ta:i', and related forms in bag_a, suggesting a strong pattern of segmental similarity. Multiple syllables and consonant-vowel patterns are echoed across sets, making a hypothetical cognacy quite plausible based on form alone.",11,80,0
181,pound,2,"Some overlap in CV(C) structures with /tVp/, /tVk/, /tVm/ forms (e.g., 'tup', 'tap', 'tam' in bag_a and 'tup', 'topu', 'tam' patterns in bag_b), plus multiple /bVyu/, /bayu/ strings in bag_b and a few tap/tam/tɔi items in bag_a, but overall correspondences are weak and inconsistent.","While both bags show a predominance of short CVC syllable structures and a scattering of superficially similar items (such as 'tup' & 'tupi', and 'tap' & 'topu'), there is not a strong repeating shape or clear correspondence recurring across many items in both sets. The overlap appears mostly accidental or generic for these languages' phonotactic profiles rather than due to inherited morphology.",22,80,0
182,bealive,1,none noted,"Bag A is dominated by forms with initial l-, -ei or -əi finals, and a few items starting with m-, p-, or ʔ-, mostly monosyllabic or simple disyllabic. Bag B, in contrast, is typologically diverse, featuring many polysyllabic or reduplicated forms, varied initial consonants, and lacks any clear repeated string that aligns segmentally with Bag A's common shapes. No recurring skeleton appears to suggest hypothetical cognacy on sound shape alone.",11,80,0
183,hit,1,none noted,"There are no clear recurring segmental shapes or consonant-vowel patterns that appear across multiple forms in both bags. The most common structures in bag_a (e.g., tV(C), mVp, lV(C)) do not match any recurring patterns in bag_b, which features much longer and more complex forms, often with affixal elements or reduplication that are not matched in bag_a. No patterns are repeated widely across both sets.",16,80,0
184,pathorroad,1,none noted,"Bag A has forms with initial velar/uvular aspirates and a recurring 'kh/qh-(u)n' or 'kʰwən' pattern, while Bag B is dominated by forms with medial and final -lan/-ran/-nan/-an patterns, often with initial (d/l/r/s/k/t) and sometimes reduplication or affixal material. There is no clear recurring consonant/vowel skeleton overlap or correspondences between the two bags even at a schematic level.",6,80,0
185,worm,1,none noted,"There are no clear recurring segmental patterns or root shapes shared across both bags. Bag A is dominated by forms with nasal-initial, VCVCV, or CVCVn patterns and some nasal finals, while bag B presents a much wider variety of phonological shapes without clear parallelism to bag A. No widespread and distinctive shape is evident in both sets.",13,80,0
186,think,2,"Some superficial recurrence of nasal-final (–ŋ, –m) and initial s-/θ- in bag_a, with sparse echoing of nasals, m-, and s- in bag_b but no clear or systematic recurring shape matches.","There are abundant nasal forms (especially in coda: –m, –ŋ) in bag_a, and a few m- or nasal-initial forms in bag_b, but overall the segmental shapes are distinct and patterns that appear widely in bag_a (such as siŋ/θiŋ) do not recur in bag_b. Isolated instances of 'isip', 'nem', or nasal-final forms in bag_b do not clearly align with bag_a's frequent shapes. There are no robust or systematic recurring sequences present across both bags.",11,80,0
187,child,2,"Some overlap in forms with 'lak'/'la(k)' and 'nak/anak'; both bags show CVC or CVC+ forms with liquids and nasals, but no widespread, consistent shared patterns.","A few forms in bag_b such as 'walak', 'alak', 'ʔalák' contain 'lak', which is similar to the 'lɤk', 'lɐk', 'lɯk' forms in bag_a, suggesting a remote possibility of related shapes. However, these are isolated and not widely matched across both bags. Overall, the majority of segmental shapes differ, with only scattered, potentially coincidental resemblances.",9,80,0
188,stab,1,none noted,"Bag A contains multiple forms with the recurring shape (C)bVŋ, especially with initial glottal or voiced stops and a nasal coda. Bag B, however, shows a high degree of phonological diversity with no concentrated recurring shapes that align with Bag A's patterns. There are no apparent widespread segmental similarities or regular correspondences observable across both bags.",12,80,0
189,maleperson,1,none noted,"Bag A exhibits highly regular forms featuring combinations of initial p/pɔ/pu/pou plus saːi/θaːi/ɬaːi, resulting in repeated CV+CVVC strings. Bag B is highly diverse, with little to no recurrence of these shapes or segmental patterns. No widespread, repeated segmental shape is apparent across both bags.",13,80,0
190,stick,2,"Possible surface overlaps in open syllables (ka-, ki-, ku-, fa-, ma-, ta-, la-) and nasals (-ŋ, -n), but no strong recurring skeletons across both bags; some initial k-/f-/t- widespread in both.","A few generic syllable structures recur (e.g., initial k-, t-, m-, open syllables, and sometimes final nasal -n/-ŋ), but there are no highly diagnostic or unusually shaped patterns replicated across items in both bags. Similarities appear mostly due to basic phonotactics, not evident recurring segmental patterns suggestive of strong hypothetical cognacy.",15,80,0
191,workactivity,1,none noted,"Bag A overwhelmingly features sequences like 'ku', 'ho', and 'ŋ' in consistent CVC structures, especially '[k/tɕ]u + hVŋ', with high recurrence. Bag B's forms are highly diverse in both structure and segmental content, showing no recurring shape parallel to those in Bag A. No consistent or widespread matching skeleton or correspondence pattern detected across both bags.",14,80,0
192,fasten,1,none noted,"There is no consistent or recurring consonant-vowel skeleton or segmental pattern shared across multiple items in both bags. Shapes in bag_a are primarily monosyllabic or disyllabic with initial sibilants, affricates, or stops, often ending in -k or -t, while bag_b exhibits much greater syllabic complexity and variation, with no evident overlap in structure. No base to hypothesize cognacy on shape alone.",6,80,0
193,swell,1,none noted,"The single form in bag_a ('fɔk²²') is a short CVC shape with the consonant cluster /f/ ... /k/, and a rounded vowel. Bag_b contains a very wide variety of much longer and more complex forms, usually multisyllabic and with frequent /b/, /v/, /m/, or liquids, but does not show any clear recurring VC or CVC structures matching 'fɔk'. No promising shape-level similarities are found between the two bags.",1,80,0
194,rat,1,none noted,"The forms in bag_a are highly uniform (all n̥o or n̥õ variants), while bag_b exhibits a wide variety of segmental shapes and syllable structures. There are no recurring patterns or segmental similarities between the two bags, and no evidence of widespread similar shapes across both sets.",3,80,0
