pair_id,gloss,pkd,branch_attestation_count,attested_branches,lexibank_concept_id,lexibank_concept_name,lexibank_concepticon_gloss,lexibank_tai_kadai_language_count,lexibank_austronesian_language_count,lexibank_sample_forms,low_branch_attestation,low_lexibank_attestation,coverage_gap,unjustified_pkd,unjustified_pan,included_in_permutation_test,attestation_score,attestation_score_reasoning,pan_attestation_score,pan_attestation_score_reasoning,cherry_pick_risk
001_1sg,1sg,*aku,6,"PT,PH,POB,PK,PKS,LAK",i,I,I,73,904,Sandong:ju² | Zhonghe:ʔai² | Tangzhou:ʔje² | Tingpai:ʁai² | Antang:ʔai²,0,0,0,0,0,1,4,"The PKD *aku is robustly reflected in most Tai languages and in some other branches (Buyang, La Chí), often as 'ku' or similar. However, Kra forms rarely match this root, and Kam-Sui, Hlai, and others often have roots involving j-, h-, or a-vowel, suggesting substantial replacement or divergence there. The attestation is strong in Tai proper and Buyang, but poorly evidenced elsewhere, so not a full 5.",5,"The shape *aku and its variants (yak-, kak-, aku, aʔu, etc.) are robustly and widely attested among Formosan, Western Malayo-Polynesian, SHWNG, and Oceanic clades. Irregular or innovative forms appear as expected for a pronominal paradigm but are outweighed by the strong cross-branch support. The core vowels and initial k-/a-/y-/ʔ- are consistent with the reconstruction. Overall, the evidence is very strong for *aku as the proto-form.",0
002_2sg,2sg,*-məː,6,"PT,PH,POB,PK,PKS,LAK",you,YOU,YOU,60,836,Sandong:ȶin¹ saːu¹ | Zhonghe:ȶən¹ saːu¹ | Tangzhou:ȶən¹ saːu¹ | Tingpai:ȶan¹ siau¹ | Antang:ȶən¹ siau¹,0,0,0,0,0,1,2,"Attested forms for '2sg' are overwhelmingly based on 'su-', 'saːu', or 'cau' roots, with little evidence for the PKD *məː root outside a few isolated reflexes. Even the Proto-Tai *maɯ̯ does not align with the main bulk of contemporary data. The proposed PKD form seems at best marginally retained, and probably is not the main etymon for '2sg' across modern branches.",4,"There is strong support for *-mu (or *mu) as a 2sg marker across Formosan, Western MP, SHWNG, and Oceanic languages, especially in expected pronominal slots. However, a portion of Oceanic and western MP languages instead use reflexes of *kamu (2PL), *kayo (2PL), or innovative forms, reflecting common pronoun analogy and replacement. The widespread retention of *mu/*-mu, especially as a pronominal clitic or affix, securely supports the PAN reconstruction, although analogical innovation is significant enough for a score of 4 rather than 5.",1
003_afraid_fear,afraid; fear,*C-laːw,5,"PT,PH,PK,PKS,LAK",fearbeafraid,FEAR (BE AFRAID),FEAR (BE AFRAID),34,891,Sandong:ho¹ | Zhonghe:ho¹ | Tangzhou:ho¹ | Tingpai:ho¹ | Antang:ho¹,0,0,0,0,0,1,4,"The expected laːu-type shape for 'afraid, fear' is robustly and systematically found across numerous Tai languages, with only a secondary cluster in certain Northern Zhuang branches showing ho-/qʰo-. The majority pattern aligns with the PKD/PT reconstruction, though the presence of an alternative root in some branches suggests possible replacement or lexical innovation.",4,"Reflexes of *talaw (and its reduced forms *taku/*takuʔ, *dálaʔ) are widely reflected in Western Malayo-Polynesian and Oceanic, and present in some SHWNG languages. Only one sampled Formosan language matches directly (Amis), while most others have unrelated etyma. Overall, there is strong support in Malayo-Polynesian but weak support in Formosan, resulting in a score of 4.",0
004_ant,ant,*Vmu2c,6,"PT,PH,POB,PK,PKS,LAK",ant,ANT,ANT,61,13,Sandong:mət⁸ | Zhonghe:mət⁸ | Tangzhou:mət⁸ | Tingpai:mət⁸ | Antang:mət⁸,0,0,0,0,1,0,5,"The reflexes for 'ant' are exceptionally consistent, showing minimal variation in the initial, medial, and coda across the entire family; 'mot', 'mət', 'mɐt', etc. are omnipresent. This strongly confirms both the PKD and PT reconstructions as grounded in extensive, regular attestation.",1,"There is no evidence for either *alujah or *aNay in any of the sampled languages. The forms are highly divergent and appear to be largely unrelated. No reflex is even distantly reminiscent of either proposed PAN root, warranting the lowest score.",1
005_arm,arm,*qeːn,5,"PT,PH,POB,PKS,LAK",arm,ARM,ARM,41,88,Sandong:ȶʰin¹ | Zhonghe:ȶʰin¹ | Tangzhou:ȶʰin¹ | Tingpai:ȶʰin¹ | Antang:ȶʰin¹,0,0,0,0,0,1,5,"The PKD reconstruction *qeːn and PT *qeːnᴬ are strongly supported by the core Tai languages, especially Central and Southwestern Tai (Thai, Shan, Lü, etc.) and by Northern Tai, which all show a reflex with an initial k-/q-/ɕ- and vowel quality compatible with *qeːn. Divergent forms outside Tai proper (e.g., Mulam, Buyang, Kelao) either reflect unrelated roots or compounding, but the cross-branch support for the *qeːn-type root is robust.",2,"The reflexes for 'arm' in this sample almost exclusively show Oceanic forms innovated from 'lima' (hand/five), suggesting semantic shift or avoidance of inherited PAN roots. Neither *baRa nor *ləŋən receives clear or widespread support outside of a few Oceanic forms ('aba', 'amba-na') that only possibly reflect the PMP form. There is no support from Formosan or broad Malayo-Polynesian data, leading to a low but non-minimal score.",1
006_bathe,bathe,*aːp,4,"PT,PH,PK,PKS",bathe,BATHE,BATHE,41,86,Sandong:ʔaːp⁷ | Zhonghe:ʔaːp⁷ | Tangzhou:ʔaːp⁷ | Tingpai:ʔaːp⁷ | Antang:ʔaːp⁷,0,0,0,0,1,0,5,"Among both Southwestern and Northern/central Tai languages, the reflex ʔa:p/ʔaːp is regular and dominant, matching *aːp or *ʔaːp for 'bathe.' Other branch reflexes diverge, but only in a minority. The PKD reconstruction is well supported by most data, especially in Tai and some Kam-Sui languages, indicating a solid etymon.",1,There is no compelling evidence for PAN *diRus in any sampled Austronesian clade; all attested forms for 'bathe' derive from different roots unrelated in shape to the proposed reconstruction. The possible Malagasy reflex is highly dubious and would not raise the score alone. This reconstruction receives the lowest score due to nearly total lack of support in the sample.,1
007_bear,bear,*Cumaj,5,"PT,PH,PK,PKS,LAK",bear,BEAR,BEAR,40,4,Sandong:ʔmi¹ | Zhonghe:ʔmi¹ | Tangzhou:ʔmi¹ | Tingpai:ʔmi¹ | Antang:ʔmi¹,0,0,0,0,1,0,2,"The PKD form *Cumaj is not supported by attested forms, which overwhelmingly point to a simple mV(-j) root ('mi', 'mi:', 'mje', 'mui') with no sign of any initial *C- or the -maj sequence. The PT form *ʰmwɯjᴬ fits attested forms much better. The PKD reconstruction thus appears to be either innovative or not reflected in Tai-Kadai branches sampled here.",1,"The attested forms reflect borrowings (from European sources: 'orsa' in Malagasy from French/Latin 'ours(a)', and 'pea' in Polynesian from English 'bear'), not an inherited Austronesian root. No form in the sample is related in shape to *Cumay, and the distribution is limited and consists entirely of borrowings. The reconstruction has no support in the lexibank sample.",1
008_big,big,*bəːk,6,"PT,PH,POB,PK,PKS,LAK",big,BIG,BIG,73,944,Sandong:laːu⁴ | Zhonghe:laːu⁴ | Tangzhou:laːu⁴ | Tingpai:laːu⁴ | Antang:laːu⁴,0,0,0,0,0,1,4,"There is robust support for *bəːk in northern and central Tai and Kadai languages, with bɯk/bɤk types widely attested. However, major Tai branches (including standard Thai, Lao, Shan, etc.) utilize laːu/jai/loŋ-type forms for 'big', reflecting widespread root replacement or synonymy, so the PKD form is robustly present but no longer dominant in all branches.",2,"The reflexes of 'big' are highly diverse across all clades, and no single root dominates, especially not *Raya. A small set of western_mp (rakoh, ragul, lahibé) and some Oceanic (lahi, lasi) forms are compatible with a development from *Raya, but these are not systematic or widespread given the overall diversity, particularly among Formosan forms. Thus, *Raya receives minimal but non-negligible support, and the dominant picture is replacement and innovation across the family.",1
009_bird_chicken,bird; chicken,*malok,6,"PT,PH,POB,PK,PKS,LAK",bird,BIRD,BIRD,73,956,Sandong:nok⁸ | Zhonghe:nok⁸ | Tangzhou:nok⁸ | Tingpai:nok⁸ | Antang:nok⁸,0,0,0,0,0,1,4,"Most Tai and Kam-Sui languages clearly point to a root with a *nok-type shape (Proto-Tai *C̬.nokᴰ), matching the second syllable of the proposed PKD. Some Buyang and Kelao forms suggest an initial syllable (ma-), but Tai overwhelmingly lacks the expected 'ma-' root. Hlai is highly aberrant. The reconstruction *malok is reasonable if considering Buyang and Kelao, but is poorly reflected in most of TK; a 4/5 reflects this partial support.",5,"There are widespread reflexes of *maNuk, matching or close (manu, manok, mani, man) in all major clades including representative Formosan, SHWNG, Western MP, and Oceanic, supporting inherited status. Some branches, especially Formosan, show lexically replaced forms or divergent shapes, but these do not negate the systematic, pan-Austronesian distribution of the 'manuk' type, particularly in Oceanic/SHWNG/Philippines, where it remains the basic word. Outlying forms and semantic shifts are expected in a meaning like 'bird/chicken'.",0
010_bitter,bitter,*CV-qəm,6,"PT,PH,POB,PK,PKS,LAK",bitter,BITTER,BITTER,61,14,Sandong:qam¹ | Zhonghe:qam¹ | Tangzhou:qam¹ | Tingpai:qam¹ | Antang:qam¹,0,0,0,0,0,1,5,"Nearly all major branches of Tai-Kadai show a reflex of *qəm~*kham, supporting the reconstruction very strongly, with only minor vowel or nasal variation and a few irregular non-Tai-Kadai forms. The shape conforms closely in Tai, Kam-Sui, and Buyang. These systematic correspondences justify the highest score.",2,"The only clear direct reflex of *paqit is in Javanese, with a possible cognate in Malagasy (mangidy). Oceanic and Formosan attested forms do not reflect *paqit at all, showing either unrelated roots or significant innovation/replacement. Thus, *paqit is poorly attested outside of parts of Western MP, and receives a low score for broad support.",1
011_blow,blow,*h-ju(1/2)p,5,"PT,POB,PK,PKS,LAK",blowofwind,BLOW (OF WIND),BLOW (OF WIND),27,869,Central Thai:paw.² | Central Thai:pliw.¹ | Thai (Dialect Korat):pau | Thai:phát | Thai:pʰ.a.t,0,0,0,0,0,1,2,"The Tai branch overwhelmingly reflects forms with open syllables (paw/pau) and no -p final, matching PT *powᴮ, not PKD *-p. Only some Kam-Sui and peripheral Kra forms marginally fit PKD, but the major Tai cluster argues strongly against *h-ju(1/2)p for 'blow.' Support is scattered, and most high-frequency forms contradict the PKD shape.",5,"PAN *səyup is robustly supported by clear reflexes in multiple Formosan languages (often prefixed by mi-), as well as in Western Malayo-Polynesian branches with expected shape adjustments. Many SHWNG and some Oceanic (e.g., 'wup', 'iuvuv', 'miyuŋ') show related forms, though innovation and semantic drift in Oceanic and some outliers are expected. Irregular and innovative forms exist (especially in Oceanic and isolated Formosan branches), but systematic support across major clades merits a top score.",1
012_boat,boat,*C̬udaː,5,"PT,PH,PK,PKS,LAK",boat,BOAT,BOAT,56,9,Sandong:lwa¹ | Zhonghe:lwa¹ | Tangzhou:lo¹ | Tingpai:lua¹ | Antang:luə¹,0,0,0,0,1,0,5,"Virtually all Tai and Zhuang forms have an initial liquid or cluster (r/l/lw/lua) plus a central vowel, matching both PKD *C̬udaː and PT *C̬.rwɯəᴬ. The match is systematic across languages, and exceptions are marginal. The reconstructed form is robustly supported by the attested data.",1,"None of the attested forms from Oceanic or Malagasy align with the proposed *luja root. Instead, they reflect other etyma such as *waka/vaka, *moku, *poti, or possibly borrowings (*sambo from Malay/Indonesian). There is no evidence for *luja as 'boat' in any sampled language, so this proto-form lacks support in the current sample.",1
013_body_hair,body hair,*qupu1l,6,"PT,PH,POB,PK,PKS,LAK",hair,HAIR,HAIR,14,878,Thai (Dialect Korat):phom | Thai:pʰ.o.m | Nùng Dín:khɔ̆n323_thu323 | Xifang Hlai:rom1 | Baisha Hlai:ɱən4,0,0,0,0,0,1,2,"While some Tai and Hlai forms have vague phonetic resemblance to *qupu1l (p-/m-/n-/t- + -om or -an), many others, especially in Hlai and La Chí, display very different structures (ɗan-, ɱən-, kha/kho-). There is no clear cross-branch support for a root like *qupu1l, so the attestation is weak overall.",5,"The PAN form *bulu is robustly supported by regular reflexes in Formosan and Western MP, the two most important clades for deep Austronesian comparison. Oceanic forms also largely reflect the same root, though with typical phonological changes. SHWNG shows some forms that do not fit, but this is a common pattern for this group and does not counterbalance the extensive support elsewhere. Overall, this is a classic case of a well-attested PAN root maintaining stability across major subgroups.",1
014_borrow,borrow,*Səzəːm,4,"PT,POB,PKS,LAK",borrow,BORROW,BORROW,40,5,Sandong:ʔjaːm¹ | Zhonghe:ʔjaːm¹ | Tangzhou:ʔjaːm¹ | Tingpai:ʔiam¹ | Antang:ʔdi⁵,0,0,0,0,1,0,4,"There is strong support across Tai, Zhuang, Sui, Mulam, and Kam for an etymon *jam/*jəm/*jɨm 'borrow,' matching PT *ˀjɯːmᴬ and reasonably compatible with *Səzəːm if the initial cluster reduced. However, diversity outside this core (notably in Hlai, Buyang, Kelao, Nung) prevents a perfect score, as the PKD etymon may not underlie all these forms.",1,"Only one sampled form, Malagasy ""misàmbotra,"" is remotely similar in shape to the proposed *Səzam, and it might not even be cognate. The Oceanic forms for 'borrow' are all unrelated and show no resemblance to the proto-form, likely due to replacement or semantic innovations. The evidence is thus extremely sparse and does not provide meaningful support for *Səzam as a widely retained Austronesian root.",1
015_buy_sell,buy/sell,*aɭiːw,6,"PT,PH,POB,PK,PKS,LAK",buy,BUY,BUY,59,608,Sandong:ⁿdjai³ | Zhonghe:ⁿdjai³ | Tangzhou:ⁿdjəi³ | Tingpai:ⁿdjai³ | Antang:ⁿdjai³,0,0,0,1,0,0,1,"The overwhelming majority of attested forms across all major branches have initial s-, ɕ-, or dj-/tj-, with vowels incompatible with *aɭiːw, and match the Proto-Tai *p.qaːj hypothesis instead. No attested forms clearly or regularly reflect a *aɭiːw shape. If anything, the data points toward a *taj or *daj proto-form, and the proposed reconstruction is contradicted by the mass of reflexes.",4,"The reconstructed *saliw is supported by reflexes in Formosan (Saisiyat, Bunun) and Western Malayo-Polynesian (Iban, Hanunoo, Nias), as well as in many Oceanic languages (Yabem, Tirax, S. Sungagage). The form is also echoed in SHWNG (Ambai, Windesi Windamen, Biga). However, significant etymological diversity exists: other well-attested forms cluster on shapes like palit, beli, gumatang, and walaŋay. While *saliw has support in all major early branches, it is clearly only one of multiple competing roots for 'buy/sell', so it cannot be scored as having the strongest possible support (5) but is nonetheless well-stratified (4).",1
016_carry_on_a_pole,carry on a pole,*ʈaːp,3,"PH,POB,PKS",carry,CARRY,CARRY,45,15,Luzhai Sipai:jaːm̥⁵⁴ʔ | Luzhai Luzhai:jaːm̥⁵⁴ʔ | Xiangzhou Dale:ɣɛːm̥⁵⁴ʔ | Xiangzhou Yunjiang:ʝaːm̥⁵⁴ʔ | Wuxuan Huangmao:ɣaːm⁵³,0,0,0,0,0,1,4,"A very widespread set of forms across Kam-Sui, Nung, Zhuang, and neighboring branches strongly matches *taːp or *taːi, indicating a well-supported etymon consistent with the proposed proto-form. However, many SW Tai languages and a few others have quite different roots, which may indicate replacements or borrowing, preventing the score from reaching a full 5.",2,"The sampled forms show little direct lexical continuity with *pasaqaN, except very tenuous resemblance in a few Polynesian forms (Tuamotuan amo, Tongan toʔo), which likely do not continue *pasaqaN but another root for 'carry, lift, take'. Formosan Seediq (mapa) is the closest, but is phonetically reduced. The Oceanic data overwhelmingly point to replacements, suggesting that *pasaqaN is not well-preserved across the family. Therefore, the support is weak (score 2).",1
017_centipede,centipede,*CV-rip,4,"PT,PH,POB,PKS",centipede,CENTIPEDE,CENTIPEDE,41,82,Sandong:ȶi³ kʰup⁷ | Zhonghe:tu³ kʰup⁷ | Tangzhou:tə³ kʰup⁷ | Tingpai:to² kʰup⁷ | Antang:tu³ kʰup⁷,0,0,0,0,1,0,2,"Most attested forms in Tai and Kam-Sui branches for 'centipede' derive from a root like ta-, tu-, or tak- plus a second element khup/kha:p/xɛp. Only Hlai and Buyang have forms reminiscent of *rip or *sip, aligning with the PKD form. However, overwhelmingly the Tai and Kam-Sui strata point to a different root, casting doubt on *CV-rip as the primary ancestral form for the whole family.",1,"The reconstructed PAN form *qalu-Sipan finds no convincing support in the sampled data. There are no matches or systematic similarities to the proposed root, and all the Oceanic forms show diverse, unrelated roots, as does the lone Western MP form. The score is 1, as the reconstruction is not supported by any sampled forms and the basic etymon is not traceable in these data.",1
018_chaff_bran,chaff; bran,*CVpəː,6,"PT,PH,POB,PK,PKS,LAK",chaffhusk,CHAFF (HUSK),CHAFF (HUSK),16,0,Sandong:fa⁶ | Zhonghe:fa⁶ | Tangzhou:fo⁶ | Tingpai:fua⁶ | Antang:fuə⁶,0,0,1,0,0,0,3,"There is a strong cluster of forms with fa-/fo-/fua- corresponding plausibly to *CVpəː, likely with initial *p- > f- shift in Tai. The presence of pa-/pja- and huə⁶ outliers suggests either dialect borrowing or retention of older or parallel forms, but overall, the data moderately support the PKD reconstruction, albeit with some irregularity.",,,0
019_chest,chest,*u2k,5,"PT,PH,POB,PK,PKS",chest,CHEST,CHEST,62,74,Sandong:te³ tak⁷ | Zhonghe:te³ tak⁷ | Tangzhou:te³ tak⁷ | Tingpai:te³ tak⁷ | Antang:te³ tak⁷,0,0,0,0,0,1,4,"The dominant pattern in Tai and neighboring languages is a reflex with -k and an initial glottal or a-/ʔa- type onset, which fits *ʔak or similar, not *u2k. The Kam-Sui and Buyang evidence centers more around 'tak,' making the reconstruction *u2k poorly supported by the majority; *ʔɤk is more consistent with the attested Tai shapes. The PKD form thus receives a high but not perfect score, as most reflexes point away from *u2k to a shape with initial glottal or low vowel + k.",3,"There is moderate support for *daSdaS: 'dada' in Indonesian is a direct match, and Oceanic 'fatafata/fat-fata' follow a similar reduplication pattern, though may involve different segments. 'umauma' (widely spread in Oceanic) suggests a competing root, not listed among the reconstructions. The highly dominant Malagasy 'tratra' (and similar forms) in western_mp are unrelated, and there are no clear reflexes of *dəbdəb or *Rusuk. Therefore, the score is 3: some cross-clade support for *daSdaS, with significant exceptions.",0
020_child1,child1,*aləːk,6,"PT,PH,POB,PK,PKS,LAK",childyounghuman,CHILD (YOUNG HUMAN),CHILD (YOUNG HUMAN),25,10,Central Thai:dek.² | Thai:dèk | Southern Tai (Songkhla variety):dek.⁴ | Thai (Korat variety):dek.⁵_nɔ:i.⁴ | Khamuang (Chiang Mai variety):la.⁶_ʔɔ:n.³,0,0,0,0,1,0,4,"The majority of forms in Tai, Kam-Sui, and related branches have lVk or luk/lak-type roots, reasonably matching *aləːk (~*lək, *lɯːk). However, the d- initial found in some Thai varieties (dek) and some more divergent Buyang/Kelao forms suggest borrowing or secondary developments, and the *a- prefix is not retained overtly in most sets. The overall match to the PKD form is good but not perfect, meriting a strong score.",1,"There is no evidence for a reflex of PAN *aNak in any sampled language in this batch. Most Oceanic and Malagasy forms reflect other roots for 'child,' notably *tama and various innovative forms or borrowings. As such, this reconstruction is not supported by the data in this specific sample.",1
021_cold,cold,*kVniːt,4,"PH,POB,PKS,LAK",cold,COLD,COLD,72,936,Sandong:ʔȵit⁷ | Zhonghe:ʔȵit⁷ | Tangzhou:ʔȵit⁷ | Tingpai:ʔȵit⁷ | Antang:ʔȵit⁷,0,0,0,0,0,1,3,"Numerous Northern Tai and Kam-Sui languages reflect a form close to *kVniːt, especially with palatal/nasal initials and -it/-it coda, supporting the PKD form. However, large swathes of Tai—especially Central/Southwestern branches—use a completely different root (na:w/na:u), and there is considerable diversity in Zhuang and non-Tai branches. The PKD is supported for a subset of Kra-Dai, especially Northern Tai and Kam-Sui, but not pan-family-wide.",3,"There is moderate support in that some languages (Pazih, Inagta Alabat, Indonesian, Oceanic makariri) point to *ramig, but coverage is spotty and frequently replaced by innovative or unrelated roots. Formosan, where primary evidence for PAN usually comes from, gives only Pazih lamík as a reasonably clear reflex; most other forms are unrelated in shape. Thus, the reconstruction has partial, non-systematic support across clades.",0
022_cook,cook,*C̥V-ru(ː)ŋ,4,"PT,PH,POB,PKS",cooksomething,COOK (SOMETHING),COOK (SOMETHING),41,678,Sandong:ɕuŋ¹ | Zhonghe:ɕuŋ¹ | Tangzhou:ɕuŋ¹ | Tingpai:ɕuŋ¹ | Antang:ɕuŋ¹,0,0,0,0,0,1,4,"The reflex *-uŋ with an initial s-/h-/ʃ-/r-/l-/t-/ is common across several major branches (especially Northern Tai/Kam-Sui), closely matching the PKD *C̥V-ru(ː)ŋ and Proto-Tai *ʰruŋ. Southwestern Tai uses another word in many cases, reducing full pan-Tai match, but the systematic presence across Northern Tai, Kam-Sui, and even Hlai suggests strong support for a common etymon close to the PKD proposal.",3,"The forms for 'cook' in Western Malayo-Polynesian (Philippines, Borneo) clearly support a *lutu (from *[N/n]asu(k)) root. However, in Oceanic and SHWNG, the dominant pattern is a series like -panun/nunu/fanap/tunun (not easily connected to *[N/n]asu(k) or *-sak) and Formosan forms display great diversity, with few clear hits for any PAN proposal. There is thus moderate support overall for the reconstruction, coming mostly from Western Malayo-Polynesian, but lack of cross-clade alignment prevents a higher score.",0
023_cry,cry,*tVŋi(j),4,"PT,POB,PKS,LAK",cry,CRY,CRY,60,870,Sandong:ʔȵe³ | Zhonghe:ʔȵe³ | Tangzhou:ʔȵe³ | Tingpai:ʔȵe³ | Antang:ʔȵe³,0,0,0,0,0,1,2,"The proposed PKD form *tVŋi(j) receives mixed support from the data. About half the data (especially Northern Zhuang, Sui, Maonan, Mulam, Chadong, Kam, and Buyang/Kelao) show reflexes with nasals and front vowels (e.g., 'ne', 'ŋe', 'ńe') that conflict with the onset and vocalism of the PKD and PT forms. The other half, especially Tai and Zhuang dialects, support an onset like t(h)- and -ai final, as in the PT form. The denti-nasal forms outnumber the t(h)- forms, suggesting two separate etyma or massive lexical replacement. Overall, the PKD form is not well supported as the best pan-Kra-Dai ancestor for the bulk of the attested forms.",5,"The reconstruction *Caŋis is exceptionally well supported, with clear, regular reflexes from Formosan down through Western Malayo-Polynesian, SHWNG, and into Oceanic. The cluster of taŋis/tangis forms is robust across both primary branches and into many descendant languages. The widespread and systematic distribution across clades merits the highest attestation score.",1
024_dark_black,dark; black,*(C̥V/m)-dam,6,"PT,PH,POB,PK,PKS,LAK",black,BLACK,BLACK,73,952,Sandong:ʔnam¹ | Zhonghe:ʔnam¹ | Tangzhou:ʔnam¹ | Tingpai:ʔnam¹ | Antang:ʔnam¹,0,0,0,0,0,1,4,"The PKD reconstruction *(C̥V/m)-dam fits well with most attested daughter languages, which overwhelmingly exhibit 'dam', 'nam', or similar forms, and the PT form is closely matched by the majority. There are expected minor variants, such as 'lam' or 'qam', likely due to regular local sound changes or assimilations. Some Hlai and Kelao forms show more divergent reflexes, but they are in the minority. The PKD shape is a good match for the attested evidence, with most deviations explainable by branching developments or assimilation.",4,"The etymon *-dəm is strongly supported by recurrent t-m/m-t-m forms across Western Malayo-Polynesian, SHWNG, and Oceanic, suggesting a deeply inherited root for 'black.' However, Formosan languages, crucial for PAN evaluation, show great diversity with only a few potential reflexes, hinting at either heavy innovation or the presence of an alternate root. While not absolutely pan-Formosan, the immense spread and regularity outside Formosa justify a high attestation score.",0
025_deaf,deaf,*CV-lək,6,"PT,PH,POB,PK,PKS,LAK",deaf,DEAF,DEAF,59,10,Sandong:ʔdak⁷ | Zhonghe:ʔdak⁷ | Tangzhou:ʔdak⁷ | Tingpai:ʔdak⁷ | Antang:ʔdak⁷,0,0,0,0,0,1,3,"While a majority of Central and Southwestern Tai forms support a root similar to *nuak/*nok, consistent with the Tai branch proto-form *ʰnuəkᴰ and broadly supportive of PKD *CV-lək, Northern Zhuang and Sui reflexes instead cluster on forms like ʔdak/ⁿdak, and non-Tai branches (e.g. Hlai, Kam-Sui, Buyang) show more divergent forms. The presence of both types (nuk/nok vs. ʔdak) within Kra-Dai suggests either doublets or early areal mixture. The PKD form receives partial support, but is not a perfect match given the prevalence of the alternative reflexes.",3,"There is strong support for *Culi from a cluster of Oceanic languages, showing very regular reflexes (kuli, tuli, turi, fuli). However, Malagasy (the only Western MP language attested) and several Oceanic languages use unrelated terms, indicating a more recent innovation or restricted inheritance outside Oceanic. Lack of Formosan or Western MP evidence reduces the score to moderate.",0
026_deep,deep,*C-alək,5,"PT,PH,POB,PK,PKS",deep,DEEP,DEEP,60,10,Sandong:ʔjam¹ | Zhonghe:ʔjam¹ | Tangzhou:ʔjam¹ | Tingpai:ʔjam¹ | Antang:ʔjam¹,0,0,0,0,0,1,5,"The vast majority of Tai and several peripheral Kra-Dai languages strongly attest forms matching *lək/*lak or similar, perfectly supporting the proto-form *C-alək and the PT *lɤkᴰ. Although some neighboring branches (notably Kam-Sui and some Kam) have a 'jam' type root, this secondary root forms a clear minority, and may represent borrowing or analogical replacement. Overall, the reconstruction is robustly confirmed.",2,"The scattered presence of an initial lateral and a final nasal in Malagasy 'làlina', and possibly Tongan 'loloto' and Rotuman 'lala', minimally support a relationship to *daləm. However, the Formosan reflex is unrecognizable and most Oceanic forms point to different roots or innovations. The shape *daləm is not shown widely across clades, and core support rests on a single Western MP form. As such, support for this reconstruction among sampled forms is weak.",1
027_die,die,*p-ataːy,6,"PT,PH,POB,PK,PKS,LAK",die,DIE,DIE,48,146,Sandong:tai¹ | Zhonghe:tai¹ | Tangzhou:təi¹ | Tingpai:tai¹ | Antang:tai¹,0,0,0,0,0,1,4,"The majority of Tai and Zhuang languages show clear reflexes of *taːy, which matches both PT and the end of the PKD reconstruction. However, the proposed PKD onset *p- is not preserved in most daughter forms—forms generally start with t-, not p-, suggesting possible loss or change. Several Hlai and non-Tai forms are quite distinct in shape, indicating either secondary developments or unrelated roots. There is broad support across Tai branches, but less so across all Kra-Dai.",5,"A reflex of *(m/p-)aCay is overwhelmingly supported in both Western Malayo-Polynesian (maty, mate, mati, etc.) and Oceanic (mate, mae, mɛte, make), showing systematic retention of the root across the major daughter clades outside Formosa. The lack of a direct Formosan cognate is typical for some meanings, but the strength in both MP and Oceanic is robust. Alternative forms in some SHWNG and Oceanic languages indicate replacement but do not undermine the core conclusion, justifying the maximum score.",0
028_dream,dream,*CV([+H])pan,5,"PT,PH,POB,PK,PKS",dream,DREAM,DREAM,16,1,Sandong:vjaːn¹ | Zhonghe:sɿ¹ vjen¹ | Tangzhou:vjən¹ | Tingpai:vjan¹ | Antang:sɿ² vjən¹,0,0,1,0,1,0,3,"Most contemporary attested forms point to an initial v- (occasionally p-) rather than the PT *h- or the more abstract PKD *CV([+H])pan. This suggests the reconstruction is only loosely reflected: although the rhyme and final nasal match *-an, the onset is generally v-/p- and not *h-. Some compound forms add an sV- element, further complicating the picture. This yields moderate, but not strong, support.",1,"The sole sampled form for 'dream' (Tomoip, Oceanic: mulmulieŋ) bears no phonological resemblance to the proposed PAN reconstruction *S[ə/i]pi. No other clades are sampled, and no supporting or even vaguely similar reflexes are attested in this very limited dataset. Support for this etymon is not demonstrated.",1
029_drop_fall,drop; fall,*tok,4,"PT,PH,PK,PKS",fall,FALL,FALL,43,901,Sandong:tok⁷ | Zhonghe:tok⁷ | Tangzhou:tok⁷ | Tingpai:tok⁷ | Antang:tok⁷,0,0,0,0,0,1,5,"The overwhelming majority of attested forms across Tai, Kam-Sui, Be, and Kra branches reflect the shape *tok or minor variants (tɔk, tuk, thok), supporting the proposed PKD form. Irregular reflexes cluster in certain languages (Lakkia, Mulam, Zhuang, Kelao) with significant morphophonemic innovation or replacement. These exceptions do not undermine the otherwise systematic and widespread support for *tok.",2,"While several Oceanic forms resemble *-tuq (e.g., tu-soð, tō, tˢoβi), the largest and deepest sample (Formosan) shows no convincing reflex, and Western Malayo-Polynesian reflexes center on forms like hulog/ulug or lavo, which do not match *-tuq. SHWNG shows much divergence, though Minyaifuin (-sobi) and Biga (-tak) are somewhat suggestive. This scattered, partial support suggests either that *-tuq only survives as a minor root, or that it is not the main source across Austronesian. Overall support is weak, given broad divergence and lack of Formosan/Western MP support.",1
030_duck,duck,*CV-bit,4,"PT,PH,POB,PK",duck,DUCK,DUCK,59,8,Sandong:ʔep⁷ | Zhonghe:ʔep⁷ | Tangzhou:ʔeːp⁷ | Tingpai:ʔep⁷ | Antang:ʔep⁷,0,0,0,0,0,1,3,"While 'pit/pet/pɪt' forms do occur, the majority of Northern Zhuang, Kam, and Hlai forms have ʔep (initial glottal, non-labial vowel), not aligning with *pit or the Tai *pitᴰ. Zhuang dialects show closer fit, but the spread of 'ep/ʔep' in Kam–Tai and Hlai argues for a different proto-shape or early loan. The reconstruction is moderately supported, favored by some branches, but undermined by the majority 'ep' reflex.",2,"Support for PAN *ŋaRaq is weak in this sample. Only Malagasy ganagàna in western MP hints at the proto-form. Oceanic forms are highly diverse and mostly do not reflect the expected shape, often being onomatopoeic or innovative. Lack of Formosan and SHWNG data further diminishes confidence.",1
031_eat,eat,*(i-)kan,6,"PT,PH,POB,PK,PKS,LAK",eat,EAT,EAT,73,963,Sandong:tsje¹ | Zhonghe:tsje¹ | Tangzhou:tsje¹ | Tingpai:tsia¹ | Antang:tsie¹,0,0,0,0,0,1,4,"The majority of Tai and Buyang reflexes cluster around the PKD 'kan' type shape with initial k/c and final -n, matching *(i-)kan well. However, Hlai shows a divergent form (la~lau), and a large set of Northern Tai languages show palatal/affricate initials (ts-), suggesting a split or secondary innovation. The presence of 'kan/kin' across Southwestern, Central, and also Buyang strongly supports the PKD form, but the divergent forms in Hlai, Kam, and a block of Northern Tai pull down the score slightly.",5,"The reflexes of *ka(ʔ)ən are widespread and systematic across all major Austronesian clades, including Formosan, Western MP, SHWNG, and Oceanic. Variation is expected due to regular sound changes and affixing, but the core shape (kVn or kVʔVn) is easily traceable in almost all areas, providing strong support for the reconstruction. Occasional irregularities are minor in light of the broad support.",0
032_eight,eight,*C[lab]ɭuː,4,"PT,PH,PK,LAK",eight,EIGHT,EIGHT,60,497,Sandong:paːt⁷ | Zhonghe:paːt⁷ | Tangzhou:paːt⁷ | Tingpai:paːt⁷ | Antang:paːt⁷,0,0,0,0,0,1,2,"The attested forms for 'eight' in Tai-Kadai overwhelmingly point to a shape like 'pat/pɛt', supporting the PT *peːtᴰ but not PKD *C[lab]ɭuː at all. There is no trace of a lateral, -l-, or -lu type rime in any major branch. Forms outside Tai-Kadai (Hlai, Buyang) are unrelated, suggesting either major reshaping or borrowing elsewhere. Overall, there is little support for the proposed PKD shape given daughter language evidence.",5,"The reconstruction *walu is supported by highly consistent reflexes across Western Malayo-Polynesian, SHWNG, and Oceanic clades, and crucially is also attested in several disparate Formosan languages (faluʔ, aLu, varu, kualu, etc.), indicating deep ancestral presence. Several Formosan languages show irregular or replaced forms, but enough basic variants remain to indicate inheritance from PAN. The minor irregular forms in Oceanic are typical of numerals but do not threaten the reconstruction’s validity. The support is both wide and ancient, maximizing the score.",1
033_excrement,excrement,*CV-q[i/aːj],6,"PT,PH,POB,PK,PKS,LAK",faecesexcrement,FAECES (EXCREMENT),FAECES (EXCREMENT),34,53,Sandong:qe⁴ | Zhonghe:qe⁴ | Tangzhou:ȶe⁴ | Tingpai:ȶe⁴ | Antang:ȶe⁴,0,0,0,0,0,1,2,"A cluster of Kam-Sui varieties show the expected q-/k-/ȶ- onset and -e/-i type vowel, but the bulk of attested Tai forms in Lexibank display pVn shapes, which are highly divergent from the PKD and PT reconstructions. This suggests a major split in reflex distribution, with little support from the core Tai branch for the proposed proto-form. The reconstruction is thus only weakly supported.",3,"There is firm support for *taqay (as PMP) from the strong match across Indonesian and most sampled Oceanic languages. The core shape ta(e)- is extremely widespread in Oceanic, albeit often subject to truncation or reanalysis, and forms like tae-na are directly relatable. However, lack of Formosan data and several irregular/semantically shifted Oceanic forms prevent a top score. The evidence supports PAN presence primarily via PMP but not with the breadth and depth desired for a higher score.",1
034_eye,eye,*m[a/ə]ʈaː,6,"PT,PH,POB,PK,PKS,LAK",eye,EYE,EYE,73,969,Sandong:ⁿda¹ | Zhonghe:ⁿda¹ | Tangzhou:ⁿda¹ | Tingpai:ⁿda¹ | Antang:ⁿda¹,0,0,0,0,0,1,4,"The PKD form *m[a/ə]ʈaː aims to encompass nasal and plain onsets. The vast majority of Tai languages (and some Buyang) have reflexes matching the *taː root, supporting a common origin with the PT form. However, Kam-Sui, Hlai, and others show prefixed or altered forms, indicating either different retention or heavy innovation. Overall, the core root is well supported, though there is branching variation.",5,"The reflexes for 'eye' overwhelmingly support a root of the 'mata/masa/maca' shape, matching the reconstruction *maCa (i.e., *mata, *masa, *maca) across Formosan, Western MP, and Oceanic languages. The few divergent shapes are isolated and do not undermine the strong pan-Austronesian support. Even SHWNG shows some relevant forms (Numfor 'mga'), but overall, support is robust and widespread.",0
035_fart,fart,*k[a/ə]tu2t,6,"PT,PH,POB,PK,PKS,LAK",fart,FART,FART,42,10,Sandong:tət⁷ | Zhonghe:tət⁷ | Tangzhou:tət⁷ | Tingpai:tət⁷ | Antang:tət⁷,0,0,0,0,0,1,3,"The PKD reconstruction *k[a/ə]tu2t is partly supported by widespread reflexes with t-t and tət/tot/tut syllable shapes across Kam-Sui, Zhuang, Buyang, and some Tai. However, most Tai forms strongly point to a simpler tot/tɔt shape and lack the initial syllable or clear trace of *k-. Side forms with 'p-' and various compounds complicate matters. The match is moderate and consistent only for some branches, so a mid score is warranted.",2,"The proposed PAN *qətut is not well supported by the sampled daughter-language forms. Seediq’s 'tquti' is the closest, but the fit is loose. Western MP and Oceanic forms display quite different stems, indicating major shifts or wholesale lexical replacement. Limited relic support and widespread mismatch suggest only weak attestation for the reconstruction in this sample.",1
036_fingernail,fingernail,*CV-lep,6,"PT,PH,POB,PK,PKS,LAK",fingernail,FINGERNAIL,FINGERNAIL,60,72,Sandong:ljap⁷ toŋ¹ | Zhonghe:ljap⁷ mja¹ | Tangzhou:ljap⁷ mje¹ | Tingpai:ljap⁷ toŋ¹ | Antang:ljap⁷ mie¹,0,0,0,0,0,1,5,"All major branches of Tai-Kadai overwhelmingly show a reflex of *-lep or very close (lep, jap, nap, njap, lit, lip, etc.), with the expected *l- and *-p codas. This holds across Kam-Sui, Zhuang (Northern and Central), Sui, Buyang, Hlai, and all major Tai varieties, closely matching the PKD/Proto-Tai shape. Minor variants are infrequent and do not seriously challenge the etymon. The support is robust and pan-family.",5,"Reflexes matching *kuSkuS (as *kuku or similar) occur in Formosan (Seediq), Western MP (Indonesian), and classic Oceanic (Maori/Marquesan/Rapa Nui), showing deep and regular spread. The Malagasy cluster presents forms (hoho, angofo, vazakoho) that diverge, but Western MP as a whole still shows expected *kuku matches. Some Oceanic and SHWNG forms are irregular, likely due to innovation or replacement. The cross-clade *kuku/kukuS reflex is robust and well-attested, meriting a strong score.",0
037_fire,fire,*apuy,6,"PT,PH,POB,PK,PKS,LAK",fire,FIRE,FIRE,73,968,Sandong:vi¹ | Zhonghe:vi¹ | Tangzhou:vi¹ | Tingpai:vi¹ | Antang:vi¹,0,0,0,0,0,1,2,"The PKD form *apuy does not match the dominant reflexes among the attested Tai-Kadai forms, which overwhelmingly show onsets like f-, v-, or w- and a diphthong -ai/-ei, not *puy. Only a handful of Buyang, Kam, and Lakkia forms marginally reflect a *pui-type root. As the proto-Tai shape *wɤjᴬ and the multiple Zhuang/Thai forms point to an initial f/w/v, the reconstruction is poorly supported by the attested data.",5,"The *Sapuy root is strongly reflected across multiple clades: Formosan languages show minor phonological variation but preserve the root, Western MP shows numerous regular forms (apuy, api), and Oceanic shows regularly developed reflexes (ahi, afi, aβi). Although there are innovations and divergent forms, especially in Oceanic and SHWNG, the widespread and systematic retention of *Sapuy among key Formosan and Western MP supports the reconstruction robustly.",1
038_five,five,*ɭVmaː,4,"PT,PH,PK,LAK",five,FIVE,FIVE,60,902,Sandong:ŋo⁴ | Zhonghe:ŋo⁴ | Tangzhou:ŋo⁴ | Tingpai:ŋo⁴ | Antang:ŋo⁴,0,0,0,0,0,1,3,"The proposed PKD *ɭVmaː is only directly reflected in Buyang and some Kra/Kelao forms, but all Tai, Zhuang, and Kam–Sui forms show radical shape changes to 'ha' or 'ŋo'. The PKD reconstruction may be valid for Kra, yet the mainstream branches have replaced the root or undergone heavy remodeling. The evidence for PKD is moderate when considering all branches but is weakly present in the major Tai/ Kam–Sui lexicon.",5,"The form *lima is robustly attested across all major Austronesian clades, with especially strong support from multiple Formosan, Western MP, SHWNG, and Oceanic languages, showing clear reflexes with only minor variation. Divergent forms in Pazih, Saisiyat, and some Oceanic/SHWNG are few and can be attributed to local innovations or regular sound change. Overall, the widespread distribution and form stability of 'lima/rima' grant this reconstruction the highest support.",0
039_fish_poison,fish poison,*C̥V[+H]baː,2,"PT,PKS",poison,POISON,POISON,25,9,Central Thai:ja:.¹_phit.⁴ | Thai:phít | Thai:bʉ̀a | Southern Tai (Songkhla variety):ja:.²_phit.⁴ | Thai (Korat variety):ja:.¹_phit.⁴,0,0,0,0,1,0,2,"While a minority of forms in Tai branch languages show a ba/bɨa component consistent with *baː, the majority of attested forms, especially outside Tai, have reflexes with other elements (tok/tu). The proposed PKD reconstruction lacks broad support across branches and appears primarily Tai-centric. The PT form with *bɯə also lacks wide attestation. Most reflexes suggest a different root is primary in non-Tai languages.",1,"The expected *tuba reflex is completely absent from the main sampled Oceanic languages, and the only Western MP example (Malagasy) uses a loan from English/French or an innovative form. No clear cognates for *tuba occur in this sample, which suggests the term is not preserved in these subgroups or the relevant semantic range is not covered. The data provide no convincing support for this reconstruction in the sampled set.",1
040_flow,flow,C̥V-luy,6,"PT,PH,POB,PK,PKS,LAK",flow,FLOW,FLOW,43,608,Luzhai Sipai:liu⁵⁴ʔ | Luzhai Luzhai:liu⁵⁴ʔ | Xiangzhou Dale:leu⁵⁴ʔ | Xiangzhou Yunjiang:ʝiːt¹² | Wuxuan Huangmao:liu⁵³,0,0,0,0,0,1,5,"The PKD reconstruction *luy is robustly supported across Tai (including Zhuang, Thai, Shan, Lü, Khün) and also seen in Sui, Maonan, and several Kra-Dai languages. Minor deviations are either isolated or occur in branches historically prone to divergence. The overall shape is highly regular across the family, justifying the highest support score.",2,"Support for the proposed reconstructions is modest and highly scattered. While some Formosan and scattered MP forms echo *qaluR/*qaliR, and some Oceanic forms can be linked to PMP *saliR, there is no consistent reflex of any one reconstruction across all major branches. Many attested forms deviate considerably in shape, indicating semantic drift or replacement, so attestation is best scored as weak.",1
041_foot1,foot1,*tiːn,6,"PT,PH,POB,PK,PKS,LAK",foot,FOOT,FOOT,72,68,Sandong:tin¹ | Zhonghe:tin¹ | Tangzhou:tin¹ | Tingpai:tin¹ | Antang:tin¹,0,0,0,0,0,1,4,"The *tiːn reconstruction is well supported across most of the Tai branch, especially the central reflexes in Zhuang, Thai, Shan, Sui, and Kam-Sui. However, Hlai and some peripheral languages show a quite different root, and some Tai languages (mainly in Thai proper and Zhuang-Longzhou) feature alternative roots, likely through lexical innovation or borrowing. Overall, strong support is present, but acknowledged peripheral exceptions lower the score slightly.",4,"The reconstructed *[w/q]aqay is robustly reflected throughout Oceanic and known in Western MP (though unrepresented here except Oceanic and Malagasy). Malagasy displays unrelated innovation, and Formosan provides only a suppletive form. Despite this, the presence of highly consistent reflexes in Oceanic and much of MP justifies a high attestation score, though absence from Formosan precludes a top score.",0
042_foot2,foot2,*kok,6,"PT,PH,POB,PK,PKS,LAK",foot,FOOT,FOOT,72,68,Sandong:tin¹ | Zhonghe:tin¹ | Tangzhou:tin¹ | Tingpai:tin¹ | Antang:tin¹,0,0,0,0,0,1,2,"While Hlai consistently shows a 'kok/khok' type word—which fits a *kok PKD reconstruction—nearly all Tai and Kam-Sui languages attest only 'tin/tiin' forms, completely mismatching *kok. The proto-Tai branch form contradicts *kok. This suggests *kok is only valid for Hlai (and possibly Kra), not for PKD as a whole or for the lexical item 'foot' across Kra-Dai more generally.",2,"The Oceanic forms robustly reflect PAN *[w/q]aqay in both segmental shape and initial w- (or v- in Tongan). However, the only Formosan form is unrelated, and all Western Malayo-Polynesian forms (mainly Malagasy) are of an entirely different etymon. Since there is no evidence outside Oceanic for *[w/q]aqay and the Malagasy evidence dominates the Western MP sample and is a different root, the score is low.",1
043_forget,forget,*CV-ləːm,5,"PT,PH,PK,PKS,LAK",forget,FORGET,FORGET,59,9,Sandong:laːm² | Zhonghe:laːm² | Tangzhou:laːm² | Tingpai:qə³ laːm² | Antang:laːm²,0,0,0,0,1,0,5,"The PKD reconstruction *CV-ləːm is overwhelmingly attested throughout Tai and even beyond, with widespread support for lVːm-type forms (where V = ɨ, u, a). While Buyang and Kelao forms are divergent, the regularity and broadness of the ləm/lɨm/lum reflexes in Tai and support from Kam-Sui and Hlai make the reconstruction very secure.",1,"No attested reflex in any sampled language shows a shape compatible with *alim, and the forms given for both Oceanic and the one Western MP language (Malagasy) derive from other roots. There is no supporting evidence for this reconstruction from the given data.",1
044_fruit,fruit,*CV-maːk,5,"PT,PH,POB,PK,LAK",fruit,FRUIT,FRUIT,42,875,Luzhai Sipai:maːk⁴⁴ | Luzhai Luzhai:maːk⁴⁵ | Xiangzhou Dale:maːk⁴⁴ | Xiangzhou Yunjiang:maːk⁴⁵ | Wuxuan Huangmao:maːk⁴⁵,0,0,0,0,0,1,5,"The form *CV-maːk is extremely well supported across Tai languages and has clear cognates in multiple branches of Kra-Dai. While some secondary and borrowed forms exist (especially for borrowed or innovative words for 'fruit'), the dominant pattern in the data is the reflex of maːk, making the PKD reconstruction robustly attested.",5,"The reflexes of *buaq are found systematically in Formosan (several Atayal, Puyuma, Saisiyat, Babuza), Western Malayo-Polynesian (Philippine, Malagasy, etc.), SHWNG, and Oceanic languages with consistent shapes: bua, buak, bunga, etc. Minor divergence in some Formosan and innovative forms elsewhere, but the overall correlation is very strong and widely distributed. This is a textbook example of a well-attested PAN etymon.",0
045_full,full,*C[lab]V-tiːk,6,"PT,PH,POB,PK,PKS,LAK",full,FULL,FULL,72,149,Sandong:tik⁷ | Zhonghe:tik⁷ | Tangzhou:tik⁷ | Tingpai:tik⁷ | Antang:tik⁷,0,0,0,0,0,1,5,"The PKD reconstruction *C[lab]V-tiːk is strongly supported by Kam-Sui, Hlai, Buyang, and some other branches. A large number of attested forms show the expected ti(k) shape, while much of Tai shows a separate etymon (tem), matching the branch proto-form. The regular, wide distribution of tik-type forms across major non-Tai Kra-Dai branches justifies a high score, even though Tai proper mainly reflects a different root.",4,"The PAN reconstruction *pəNuq matches the major Western MP and Oceanic forms (feno, fonu, honu, fodu), with scattered SHWNG support. The root is absent from the Formosan sample, reducing the strength slightly. Some Oceanic and a few Western MP forms are unrelated innovations, but the regularity and spread of the main reflex pattern justify a high score.",0
046_hand,hand,*C-iməː,6,"PT,PH,POB,PK,PKS,LAK",hand,HAND,HAND,72,888,Sandong:mja¹ | Zhonghe:mja¹ | Tangzhou:mje¹ | Tingpai:mia¹ | Antang:mie¹,0,0,0,0,0,1,3,"While mja-type forms are abundant in Kam-Sui and some Northern Tai and outlier languages, the more innovative mɨː-type form dominates Southwestern Tai, which matches the branch-level proto-form. Zhuang replaces with fɤŋ. Thus, the PKD root fits some areas (especially Kam-Sui), but the evidence is too mixed for a higher score. The distribution points toward heavy areal layering and/or replacements within Tai.",4,"The PAN form *qalima corresponds very well across Formosan and western MP clades (as 'lima' or similar), and the form is robust in Oceanic as well. However, the SHWNG area shows strong replacement with forms like βaɾa/vara and several Western MP languages use tangentially related or unrelated forms. Despite these outliers, the widespread and stratified presence of 'lima'-type forms across deep clades supports a high score, just shy of perfect due to heavy SHWNG and some Malagasy divergence likely from replacement or areal innovation.",0
047_handspan,handspan,*ukəːp,3,"PT,PH,PK",handspan,HANDSPAN,HANDSPAN,0,0,,0,1,1,0,0,0,,,,,1
048_head,head,*kuɭuː,6,"PT,PH,POB,PK,PKS,LAK",head,HEAD,HEAD,72,956,Sandong:qam⁴ | Zhonghe:qam⁴ | Tangzhou:qam⁴ | Tingpai:qam⁴ | Antang:ku³,0,0,0,0,0,1,2,"The PKD reconstruction *kuɭuː is only weakly reflected in a minority (mainly Sui and some Kam-Sui) forms, while the vast majority of attested forms (Tai, Zhuang, Hlai, Mulam) point toward a stem with a diphthong/glide-vowel sequence like 'hu(a)/ho/kjau/cau/vo'. This widespread pattern is inconsistent with *kuɭuː and PT *krawꟲ. Systematicity for *kuɭuː is lacking outside a subset of Kam-Sui, so support is weak.",5,"The reconstructed PAN *quluh for 'head' is extremely well supported, especially given the deep, stratified reflexes in Formosan, Western MP, and Oceanic, all showing direct descendants of a *quluh > 'ulu' type. The divergence in SHWNG/Oceanic is notable but expected as 'head' is an easily innovated item. The overall robust spread, especially with Formosan confirmation, makes this reconstruction very strong.",1
049_hold_grab,hold; grab,*N-kamᴬ,3,"PT,PKS,LAK",hold,HOLD,HOLD,25,877,Central Thai:thɨ:.⁵ | Central Thai:kam.¹ | Thai:?ûm | Southern Tai (Songkhla variety):hiw.⁵ | Southern Tai (Songkhla variety):kam.²,0,0,0,0,0,1,5,"The PKD form *N-kamᴬ and PT *kamᴬ are robustly supported by the majority of attested forms across multiple branches—including Tai, Nung, Zhuang, Sui, Buyang, and Kam-Sui. Although some languages have replaced this root with unrelated forms, the broad distribution and regularity of 'kam' as 'hold; grab' confirm strong support for this reconstruction.",3,"There is some support for the proposed *-[g/k]əm root in scattered Western MP forms (e.g., kɨmkɨm), with a few Formosan items showing compatible initial syllables (kəm-). However, the overall reflexes are extremely heterogeneous within each major clade and across the sample, with many unrelated forms. Widespread support is weak, especially in Formosan and Oceanic. Multiple roots are likely conflated here, suggesting only moderate support for the reconstruction as a general pan-Austronesian etymon.",0
050_hole,hole,*ɟoːŋ,3,"PT,PH,POB",hole,HOLE,HOLE,25,11,Central Thai:ru:.¹ | Central Thai:phro:ŋ.¹ | Thai:ruu | Southern Tai (Songkhla variety):phro:ŋ.³_phlo:ŋ.³ | Thai (Korat variety):pho:ŋ.²,0,0,0,0,0,1,2,"The PKD form *ɟoːŋ is only marginally reflected in a minority of attested forms (Buyang: chu:ŋ/ʔbɔŋ; some Nung) and in a secondary slot (Songkhla Thai phro:ŋ/pho:ŋ). The vast majority of Tai, Zhuang, Kam-Sui, and other branches reflect vowel and onset patterns very different from *ɟoːŋ, mostly hu:- or ru:-type or cəm, kəm, etc. This suggests the PKD shape *ɟoːŋ is not well supported as the main pan-Kra-Dai form for 'hole'.",2,"Some Oceanic languages have forms possibly reflecting *buhaŋ (puka, poka, polo) but there is little cross-clade agreement—Western MP and most Oceanic forms are unrelated, and there are no Formosan data. Several alternate Oceanic forms point to unrelated roots. Overall, attestation is patchy and mostly Oceanic, so support for any PAN root is weak.",1
051_hook,hook,*C-bet,2,"PT,POB",fishhook,FISHHOOK,FISHHOOK,25,84,Central Thai:ta.¹-khɔ:.⁵_kiaw.² | Central Thai:bet.² | Central Thai:khɔ:.⁵ | Thai:bèt | Southern Tai (Songkhla variety):bɛt.⁹,0,0,0,0,1,0,5,"The PKD root *C-bet is robustly supported by the prevalence of bet/bɛt/met/biat/bit-type forms in numerous Tai languages and in at least some Zhuang and Buyang, reflecting well the shape and onset. Secondary terms exist, but do not undermine the clear widespread reflexes of *bet. This is a textbook case of strong attestation across major subgroups.",1,"The sample is overwhelmingly Oceanic and shows various unrelated words for 'fishhook', most notably 'matau/makau' (found throughout Polynesia and outlying regions), 'hinou', 'finau', 'vinetuŋu', etc. None have a phonological shape close to *kawit or *kabit, nor do they support an initial *k-. The only Western MP language, Malagasy, has a wholly unrelated form. No Formosan or SHWNG data is present. The lack of supporting reflexes across clades leaves the reconstruction essentially unattested in the sampled data.",1
052_hot_warm,hot; warm,*C-uluːl,6,"PT,PH,POB,PK,PKS,LAK",warm,WARM,WARM,43,676,Luzhai Sipai:jɐu⁵³ | Luzhai Luzhai:jɐu⁵³ | Xiangzhou Dale:ɣɪm̙²¹ʔ² | Xiangzhou Yunjiang:ʝɐu⁵³ | Wuxuan Huangmao:ɣʌm³¹,0,0,0,0,1,0,2,"The attested forms for 'hot; warm' overwhelmingly show initial vowels /u/ or /au/ and lack the expected lateral or r-cluster of the reconstructions *C-uluːl or *rwuːl. Most prominent Tai forms cluster around /ʔun/ or similar, while Zhuang and Kam have divergent forms (ɣam, sau). There are a few possible traces of the expected root (Hlai łun, Buyang u:n), but overall, the distribution does not support the PKD/branch reconstruction well.",1,"None of the forms sampled in any major clade match or come close to *lasuq. Most Western MP languages favor roots like 'init/minit' or 'mafana', Oceanic shows 'mafana', 'mahana', or other unrelated roots, and SHWNG and Formosan are highly diverse with no consistent root. There is thus no evidence in this sample for *lasuq being a proto-form of 'hot/warm'.",1
053_hungry,hungry,*C-iaːk,4,"PT,PH,POB,PKS",behungry,BE HUNGRY,BE HUNGRY,35,82,Sandong:ʔjaːk⁷ | Zhonghe:ʔjaːk⁷ | Tangzhou:ʔjek⁷ | Tingpai:ʔiak⁷ | Antang:ʔiek⁷,0,0,0,0,1,0,5,"The overwhelming majority of attested forms directly reflect the reconstructed PKD *C-iaːk with only minor vocalic differences. Reflexes from multiple Zhuang lects, as well as Kam-Tai languages, consistently display the expected root, strongly supporting the reconstruction. Thai's use of 'hǐw' is innovative, not a sign of mismatch.",1,"The proposed PMP *lapaR for 'hungry' lacks support in this sample. Oceanic languages use many diverse terms, none close to *lapaR, and the unique Western MP (Malagasy) form is unrelated. The reflexes do not cluster around *lapaR or any variant, suggesting broad lexical replacement or innovation.",1
054_knife,knife,*miːt,4,"PT,PH,POB,PKS",knife,KNIFE,KNIFE,59,13,Sandong:mit⁸ | Zhonghe:mit⁸ | Tangzhou:mit⁸ | Tingpai:mit⁸ | Antang:mit⁸,0,0,0,0,1,0,5,"The majority of attested Tai (including Central and Southwestern Tai) and Kam-Sui languages support the PKD reconstruction *miːt (PT *mitᴰ) very strongly, with close phonological matches in both segmental structure and, where present, coda. Divergent forms are either regular innovations or may reflect loanwords, so the etymon is robustly attested across the family.",1,"All the attested forms for 'knife' in both Western MP and Oceanic clades show completely unrelated roots and provide no support for the proposed PAN reconstructions *RabiS or *tadaw. The scattered and innovative lexemes suggest early and widespread replacement, rendering the PAN etyma unsupported by this dataset.",1
055_leaf,leaf,*bəː,6,"PT,PH,POB,PK,PKS,LAK",leaf,LEAF,LEAF,72,943,Sandong:va⁵ | Zhonghe:va⁵ | Tangzhou:va⁵ | Tingpai:va⁵ | Antang:va⁵,0,0,0,0,0,1,4,"The reconstruction *bəː is well supported by many Northern and Central Tai and Kam-Sui forms, with core reflexes showing the expected initial and a mid-central vowel or variant. However, Southwestern Tai (Thai, Shan, etc.) consistently reflects a diphthong -ai, suggesting an early shift away from a monophtongal *əː. Some minor branch divergences lower the score, but overall the PKD form is broadly supported.",2,"While Oceanic and some SHWNG forms could be traced to *waSaw via regular phonological developments, Formosan reflexes are extremely diverse and mostly do not support the proposed reconstruction, with only isolated matches (Seediq, Paiwan) and most others showing distinct etyma. Western Malayo-Polynesian languages overwhelmingly use other roots (e.g., *dahon, *bulung, *lawan, *ravy), with no broad continuity for *waSaw. The scattered support for *waSaw outside Oceanic and SHWNG argues for a low score.",1
056_leech,leech,*pVliːŋ,6,"PT,PH,POB,PK,PKS,LAK",leech,LEECH,LEECH,18,0,Luzhai Sipai:pɪŋ⁵⁴ʔ | Luzhai Luzhai:pɪŋ⁵⁴ʔ | Xiangzhou Dale:pɪŋ⁵⁴ʔ | Xiangzhou Yunjiang:peŋ⁵⁴ʔ | Wuxuan Huangmao:pɪŋ⁵⁵+waːi²³¹,0,0,1,0,0,0,4,"The attested forms largely match the proposed PKD *pVliːŋ in having p-initials and -ŋ finals, and Gangbei Zhongli directly supports the -liŋ sequence. However, most modern forms lack the -l-, suggesting either widespread loss or possible over-reconstruction of the medial at PKD level. The correspondence with the proto-Tai *pliːŋᴬ supports the general shape. The reconstruction is well supported but not perfectly regular.",,,0
057_leech,leech,(*tak),6,"PT,PH,POB,PK,PKS,LAK",leech,LEECH,LEECH,18,0,Luzhai Sipai:pɪŋ⁵⁴ʔ | Luzhai Luzhai:pɪŋ⁵⁴ʔ | Xiangzhou Dale:pɪŋ⁵⁴ʔ | Xiangzhou Yunjiang:peŋ⁵⁴ʔ | Wuxuan Huangmao:pɪŋ⁵⁵+waːi²³¹,0,0,1,1,0,0,1,"There is no support for a PKD form *tak among the attested Tai varieties, as all forms show the p(ɪ/i)-ŋ shape. The proto-Tai branch also reconstructs *pliːŋ, contradicting (*tak). Thus, this reconstruction has essentially no support from the Lexibank data.",,,1
058_leg,leg,*paqaː,6,"PT,PH,POB,PK,PKS,LAK",leg,LEG,LEG,59,149,Sandong:pa¹ | Zhonghe:pa¹ | Tangzhou:pa¹ | Tingpai:pa¹ | Antang:pa¹,0,0,0,0,1,0,5,"The forms overwhelmingly cluster into two major shapes: pa- and ka-/kha-, matching the expected reflexes from PKD *paqaː via Proto-Tai *p.qaː. The alternation between initial p- and k- is typical for this etymon, reflecting chain shifts or preglottalization loss. Kam-Sui and related forms confirm the root; outliers are few and likely secondary developments or loans.",1,"The attested forms for 'leg' show almost no support for PAN *paqa, neither in Western MP nor in Oceanic. Malagasy and its dialects (WMp) show ranjo/randro, while Oceanic forms are highly variable and do not descend from *paqa. There are no systematic reflexes anywhere in the sample, so the score is lowest.",1
059_lick,lick,*liːm,4,"PT,PH,POB,PK",lick,LICK,LICK,59,9,Sandong:ljaːk⁷ | Zhonghe:ljaːk⁷ | Tangzhou:ljek⁷ | Tingpai:liak⁷ | Antang:liek⁷,0,0,0,0,0,1,4,"A strong majority of forms support a root *liam/*liak, showing *l- onset and a front vowel with various nasal or stop codas, matching the PKD reconstruction *liːm. However, a significant minority, especially among Kam-Sui and peripheral Tai varieties, have replaced the coda with a stop or simplified further, and a few show quite divergent forms, justifying a score of 4 rather than 5.",2,"There is very limited support for *dilaq: the only non-Oceanic form (Malagasy milèlaka) has a loose similarity but could be a unique development, and the Oceanic forms overwhelmingly do not reflect the expected shape. Absence of Formosan or widespread Western MP matches undermines confidence. The score reflects a poor but not wholly absent support, mainly due to Malagasy.",1
060_liver,liver,*tap,6,"PT,PH,POB,PK,PKS,LAK",liver,LIVER,LIVER,73,919,Sandong:tap⁷ | Zhonghe:tap⁷ | Tangzhou:tap⁷ | Tingpai:tap⁷ | Antang:tap⁷,0,0,0,0,0,1,5,"The PKD form *tap is overwhelmingly supported by attested forms across the Tai, Kam-Sui, Buyang, and even some peripheral languages, typically appearing as tap or tɐp. Although Hlai shows a quite different root (ŋa:n), the overall correspondence in the core branches is highly systematic. Minor outliers do not undermine the strong evidence for *tap.",5,"The reflexes of *qaCay for 'liver' are robustly supported across all major Austronesian branches in the sample, including multiple Formosan languages, widespread Western Malayo-Polynesian groups, SHWNG, and Oceanic. The widespread 'atay/ate/aty' type forms show clear genealogical transmission. Divergent forms exist but do not outweigh the massive regular support, justifying the highest score.",0
061_loom_weave,loom; weave,*uʈəːk,5,"PT,PH,POB,PKS,LAK",weave,WEAVE,WEAVE,59,9,Sandong:tam³ | Zhonghe:tam³ | Tangzhou:tam³ | Tingpai:tam³ | Antang:tam³,0,0,0,0,0,1,2,"The widespread 'tam' form attested in Zhuang and northern Tai supports a root *tam~*tɐm for 'weave', not *uʈəːk or *truk. The Thai and Lao forms are not reflexes of either *tam or *truk. The PKD reconstruction is not well supported and appears to be contradicted by the predominant attested form *tam in most languages and divergent roots elsewhere. Score reflects this mismatch.",2,"The western Malayo-Polynesian form in Malagasy supports a reflex of *t[i/ə]nun ('weave'), but among Oceanic languages, there is striking diversity and a lack of any clear continuity with the reconstructed PAN roots *qatip or *t[i/ə]nun. The overwhelming variety in the Oceanic forms, combined with the lack of Formosan evidence, means the PAN roots are only weakly supported in this stratified sample.",1
062_louse,louse,*C-uʈuː,5,"PT,PH,POB,PK,PKS",louse,LOUSE,LOUSE,54,920,Luzhai Sipai:nɐn²³¹ | Luzhai Luzhai:nɐn²³¹ | Xiangzhou Yunjiang:ʝɐu⁵⁴ʔ | Wuxuan Huangmao:nɐn²³¹ | Wuxuan Tongling:nɐn²¹³,0,0,0,0,0,1,2,"Almost all attested forms, especially in Tai, Zhuang, Kam, and Sui, are built on a nɐn/nan or haw/hau shape, with no clear widespread reflexes of *C-uʈuː. A few outlying forms (tu in Buyang/Maonan/Nung) may weakly support the PKD reconstruction, but the majority of daughter forms are entirely incompatible. The proposed Proto-Tai *trawᴬ is also not supported by attested data, which cluster around very different shapes, so attestation is quite poor except for isolated matches.",5,"The reconstructed *kuCu is overwhelmingly supported by regular, closely similar forms across all major Austronesian clades in the stratified sample. Minor innovations and irregular forms do not significantly detract from the robustness of the root, as core reflexes are widespread and consistent in Formosan, Western MP, SHWNG, and Oceanic groups.",1
063_maggot,maggot,*CV-noːl,6,"PT,PH,POB,PK,PKS,LAK",larva,LARVA,LARVA,16,0,Sandong:ʔnun¹ | Zhonghe:ʔnun¹ | Tangzhou:ʔnun¹ | Tingpai:ʔnun¹ | Antang:ʔnun¹,0,0,1,0,0,0,5,"The forms for 'maggot' in all attested varieties are highly consistent, showing a clear and regular *nun shape. This systematically supports the *noːl root in both PKD and PT reconstructions. The only slight deviation is Pandong, but even there the root is similar. The match between reconstruction and data is very strong.",,,0
064_moon,moon,*buɭaːl,6,"PT,PH,POB,PK,PKS,LAK",moon,MOON,MOON,72,956,Sandong:njen² | Zhonghe:njen² | Tangzhou:nin² | Tingpai:nian² | Antang:njen²,0,0,0,0,0,1,2,"The PKD reconstruction *buɭaːl is not well supported by the attested forms, as most Tai forms (dɯən, lə:n) and the Northern/central branches show very different shapes, with only rare retention of the 'bulaːl'-type in some Thai and related forms. The PT form *ɓlɯənA is also not closely matched by attested words. Therefore, systematic support is weak and most forms cluster elsewhere.",5,"The PAN *bulaN is robustly and nearly pan-Austronesian, being clearly reflected with minimal change across Formosan, Western MP, and various Oceanic languages (modulo regular sound changes like b/v, l/r, etc.). The root is also seen in Madagascar. Some outlying clades (SHWNG, various Oceanic) have different or innovated words, and some southern Formosan groups have unrelated forms, but the systematic presence in core Formosan and Western MP brings the score to the maximum.",1
065_mushroom,mushroom,*C-uret,6,"PT,PH,POB,PK,PKS,LAK",mushroom,MUSHROOM,MUSHROOM,41,10,Sandong:ʁa¹ | Zhonghe:ʁa¹ | Tangzhou:ʁa¹ | Tingpai:ʁa¹ | Antang:ʁa¹,0,0,0,0,0,1,5,"The PKD *C-uret is strongly supported: the vast majority of attested Central and Southwestern Tai forms show 'het/hep/hɛt', and the Kam-Sui family has an initial voiced or unvoiced velar/uvular (ʁa, qa, ra), matching *C-uret well. Even Buyang and Kam retain a similar shape. The exceptions are scattered. The systematic correspondences are strong.",2,"There is no clear and regular reflex of any reconstructed PAN term among the attested forms—most Oceanic names are local innovations or compounds. Malagasy hòlatra may loosely relate to *kulaC, but this connection is tenuous and not widespread. The lack of Formosan and Western MP parallels, combined with diverse Oceanic forms, justifies a low score.",1
066_navel,navel,*C[lab]udəː,6,"PT,PH,POB,PK,PKS,LAK",navel,NAVEL,NAVEL,61,92,Sandong:haːi⁴ ʔdwa¹ | Zhonghe:haːi⁴ ʔdwa¹ | Tangzhou:haːi⁴ ʔdo¹ | Tingpai:haːi⁴ ʔdua¹ | Antang:haːi⁴ ʔduə¹,0,0,0,0,0,1,2,"Despite several forms in Buyang, Sui, and some Zhuang/Daic varieties showing a medial -d- or -du- sequence, the overwhelming majority of attested forms across the Tai branch show a compound with sa-/θa- and dɨː/ʉː that does NOT match the PKD *C[lab]udəː root. The Proto-Tai form *ɗwɯː expectedly aligns with the dɨː/ʉː element but not with the initial cluster. Most Kam-Sui and closely related languages also deviate sharply in shape from the PKD proposal, making the reconstruction poorly supported by the modern evidence.",2,"The PAN *puja is poorly supported by the available data. Only Seediq shows a form ('puga') reminiscent of *puja, which lends minimal support from Formosan. The vast bulk of Oceanic forms cluster around one or two different shapes, primarily pito/piko (e.g. Maori, Tongan, Hawaiian) and mbuto/buto forms, which do not match *puja. Likewise, Western Malayo-Polynesian attested forms are very different. Overall, the reconstruction fits almost none of the sampled data outside a single Formosan example.",1
067_nest,nest,*aruːk,5,"PH,POB,PK,PKS,LAK",nest,NEST,NEST,25,10,Central Thai:raŋ.¹ | Thai:raŋ | Southern Tai (Songkhla variety):laŋ.³ | Thai (Korat variety):laŋ.² | Khamuang (Chiang Mai variety):haŋ.²,0,0,0,1,1,0,1,"The vast majority of attested forms have a root with initial r-/l-/h- and rhyme -aŋ or similar (e.g., raŋ, laŋ, haŋ), with alternative Kam-Sui shapes like tan, kuŋ, and even further afield in Buyang and Kelao. Only a few forms show a partial match with the PKD sequence. Overall, the proposed PKD reconstruction is not supported by the surface forms, which cluster around a different root shape.",1,"The reconstruction *Rubu has no visible support among the sampled forms. Oceanic examples show entirely different roots (e.g., pūnana/punuŋa and koohaŋa), none of which even remotely resemble *Rubu. The sole Western MP example is unrelated. The lack of any reflex matching the proposed proto-form gives this reconstruction the lowest score.",1
068_new,new,*C̥-maːl,6,"PT,PH,POB,PK,PKS,LAK",new,NEW,NEW,73,924,Sandong:m̥ai⁵ | Zhonghe:m̥ai⁵ | Tangzhou:m̥əi⁵ | Tingpai:m̥ai⁵ | Antang:m̥ai⁵,0,0,0,0,0,1,4,"The majority of attested Tai and some non-Tai branches reflect initial m̥/m, a front vowel, and, when present, final l/r/n, matching the PKD reconstruction. A handful of outliers, especially in Hlai and Nungic, display alternate roots or divergent reflexes, but the reconstruction is strongly supported across the major branches, though not universally.",5,"The reflexes for 'new' are robustly attested throughout all major Austronesian subgroups. Formosan languages retain initial *b/v/f and a second syllable in -ru/ro/-wau, showing strong agreement with the proposed *baqəRuh. Western MP and SHWNG also show consistent shapes with expected sound changes. Oceanic forms derived from *baqəRuh are well represented, even though a minority of Oceanic and SHWNG reflexes show more divergent forms. The reconstruction is well supported across the entire phylogeny.",0
069_nine,nine,(*s(i)waː),4,"PT,PH,PK,LAK",nine,NINE,NINE,60,492,Sandong:ȶu³ | Zhonghe:ȶu³ | Tangzhou:ȶu³ | Tingpai:ȶu³ | Antang:ȶu³,0,0,0,0,0,1,2,"The PKD reconstruction *s(i)waː is only matched in Buyang, Kelao, and possibly Hlai, and is entirely contradicted by all PT-attested forms, which consistently show k- plus a back vowel (kau/kaw). The mainstream reflex in Tai-Kadai, including Kam-Sui and Tai, contradicts the PKD shape, so the score is low, though not the lowest, since some peripheral non-Tai branches do reflect the PKD root.",5,"The shape *siwa is overwhelmingly conserved across all Austroneisan clades for 'nine'. There is systematic support from Formosan, Western Malayo-Polynesian, SHWNG, and most Oceanic branches, tracing directly to the expected reconstruction. Several irregular or replaced numerals are found in some Formosan and Oceanic outliers, but these are rare and do not undermine the broad, cross-clade attestation. This reconstruction is fully supported.",1
070_nose,nose,*(ŋ)-V[+H]daŋ,6,"PT,PH,POB,PK,PKS,LAK",nose,NOSE,NOSE,73,964,Sandong:ʔnaŋ¹ | Zhonghe:ʔnaŋ¹ | Tangzhou:ʔnaŋ¹ | Tingpai:ʔnaŋ¹ | Antang:ʔnaŋ¹,0,0,0,0,0,1,5,"The majority of attested forms across Tai, Kam-Sui, and Zhuang fit the PKD reflex daŋ or naŋ, supporting the shape *(ŋ)-V[+H]daŋ and PT *ɗaŋ. Divergences in Hlai and Buyang are likely due to independent innovations or prefix alternations, but the overall cross-branch support is strong. Tone and nasal patterns generally align as well.",4,"The PAN *ujuŋ reconstruction is very well supported across Western MP (typical Philippine and Indonesian forms), and is present in Oceanic and to a limited extent in Formosan. South Halmahera-West New Guinea (SHWNG) is variable but includes some reflexes reminiscent of *ujuŋ. The diversity of Formosan forms slightly lowers the score, as expected for a non-core basic lexeme. The overall evidence from widespread daughter languages supports the reconstruction strongly, but Formosan variability prevents a perfect score.",0
071_one,one,(*icəː),5,"PT,PH,PK,PKS,LAK",one,ONE,ONE,73,965,Sandong:ti³ | Zhonghe:ti³ | Tangzhou:ti³ | Tingpai:ti³ | Antang:ti³,0,0,0,0,0,1,2,"The PKD reconstruction (*icəː) has little support in the primary Tai branch, where forms with an initial n- (nɨŋ) are universal, and in many Kam-Sui forms as well. The ti-type forms are frequent in some Zhuang and neighboring languages but lack wide areal and genealogical validity. The divergence from PT *nɯːŋ and lack of consistent cross-branch support warrants a low score.",3,"Reflexes of *isa are abundant and clear in Western MP and present in SHWNG (as 'sa' or in compounds). However, most Formosan languages do not show a shape compatible with *isa, and Oceanic is very mixed with *isa-type forms only barely present. Malagasy diverges (raiky, ray, etc.). Given the core-lexical status of 'one,' this diversity—especially in Formosa and Oceania—necessitates lowering the support score, despite strong Western MP attestations.",1
072_otter,otter,*anaːk,5,"PT,PH,POB,PK,PKS",otter,OTTER,OTTER,16,0,Sandong:ʔbjaːn³ | Zhonghe:ʔbjaːn³ | Tangzhou:ʔmjaːn³ | Tingpai:ʔbian³ | Antang:ʔbien³,0,0,1,1,0,0,1,"The PKD form *anaːk is not reflected in any attested Tai forms, which instead uniformly show something like *bian, *bjian, or similar, typically with a palatal medial and no correspondence for the proposed *aː. The PT form *naːkᴰ is also not matched. Across all listed languages, attested forms cluster tightly around a very different shape, with no plausible connection to the proposed PKD or PT etyma.",,,1
073_outside_go_outside,outside; (go outside),*oːk,3,"PT,POB,PKS",outside,OUTSIDE,OUTSIDE,60,14,Sandong:ʔnuk⁷ | Zhonghe:ʔnuk⁷ | Tangzhou:ʔnuk⁷ | Tingpai:ʔnuk⁷ | Antang:ʔnuk⁷,0,0,0,0,0,1,5,"The vast majority of attested forms, especially in Tai, Kam-Sui, Sui-Maonan, and many Zhuang varieties, neatly match the PKD/Proto-Tai reconstruction *oːk, up to expected changes in vowel height and initial type. The few exceptions appear to be innovations or alternate roots. This widespread and regular support merits a top score.",2,"The sampled forms overwhelmingly display Oceanic and some SHWNG innovation around 'waho/vaho/haho', with Western MP and SHWNG forms diverging further. Only one Formosan example, 'ŋaŋuts', barely resembles the reconstruction, while most reflexes use an unrelated root. Thus, support for PAN *NataD is weak across major branches.",1
074_pangolin,pangolin,*CV-lil,3,"PT,POB,PKS",pangolin,PANGOLIN,PANGOLIN,16,0,Sandong:ȶi³ lɪn⁶ | Zhonghe:ȶi¹ ljən⁶ | Tangzhou:ȶi³ ljən⁶ | Tingpai:ȶɪt⁸ ljan⁶ | Antang:ȶi⁰ ljən⁶,0,0,1,0,0,0,5,"All 16 attested TK forms show a disyllabic structure beginning with a dental affricate syllable followed by a second element whose onset is 'l-' and whose rime closely resembles *lil (i.e., lin, ljen, ljan, ljən). Both the PKD reconstruction (*CV-lil) and PT (*lilᴮ) are highly consistent with these data, indicating strong support.",,,0
075_pick_up_lift_take,pick up; lift; take,*kep,3,"PT,POB,PKS",take,TAKE,TAKE,43,15,Sandong:tai² | Zhonghe:tai² | Tangzhou:təi² | Tingpai:tai² | Antang:tai²,0,0,0,1,0,0,1,"The proposed PKD *kep is not supported by the attested forms, which overwhelmingly show quite different shapes such as *(ʔ)aw/(ʔ)au, (ʔ)tai, or other divergent forms. Only isolated forms (e.g., Thai 'j.i.p') could plausibly reflect *kep, and even these are very marginal. The PT *kepᴰ reconstruction contradicts the main body of data, leading to a low attestation score.",2,"Although Javanese may weakly reflect *saput, almost all major clades show unrelated forms for 'take/pick up'—especially Oceanic, where the Western Polynesian/Polynesian root diverges sharply. No trace of *piliq appears, and overall cross-clade support for the PAN forms is poor.",1
076_pig,pig,*xVmuː,6,"PT,PH,POB,PK,PKS,LAK",pig,PIG,PIG,59,114,Sandong:m̥u⁵ | Zhonghe:m̥u⁵ | Tangzhou:m̥u⁵ | Tingpai:m̥u⁵ | Antang:m̥u⁵,0,0,0,0,0,1,5,"The vast majority of forms in Tai, Kam-Sui, and Buyang show a clear reflex of *mu or *mhu with or without a h- or preaspiration. This perfectly matches both the PKD *xVmuː and the PT *ʰmuː, suggesting strong support for the *xVmuː root. The few outliers (e.g., Lakkia khũ, Hlai pou, and a Kelao form) are isolated and may represent replacements or innovations; they do not undermine the abundant cross-branch support.",3,"The Western MP languages (esp. Indonesian) show clear reflexes of *babuy. Oceanic reflexes are diverse but often show b/p/m and vowel patterns compatible with *babuy (or *bəRək as a secondary/alternate source), with several terms possibly being loanwords or innovative. Lack of Formosan evidence and divergence, especially in Malagasy and SHWNG, limit the score, but the shape is well-attested outside Formosa, especially in Western MP and Oceanic.",0
077_plant,plant,*muɭaː,4,"PT,PH,PK,PKS",plantvegetation,PLANT (VEGETATION),PLANT (VEGETATION),16,7,Central Thai:phɨ:t.³ | Thai:phʉ̂ʉt | Southern Tai (Songkhla variety):phɨ:t.⁴ | Khamuang (Chiang Mai variety):ton.⁵_mai.⁶ | Dehong:ton.³_to.⁶,0,0,0,1,1,0,1,"No attested forms reflect the proposed PKD *muɭaː root; the major branches use unrelated roots (phɨ:t, ton, mai, ko, etc.). The PT form given (*plwɯːkᴰ) is also not supported by the data, and nothing systematically points to anything resembling *muɭaː. The reconstruction is thus unsupported by the available evidence.",1,"No sampled form for 'plant' in Western MP, Oceanic, or Malagasy reflects *mula in any recognizable way. All forms are structurally and lexically distinct. Strongest possible lack of support given this evidence.",1
078_rain,rain,*CV-pu1n,6,"PT,PH,POB,PK,PKS,LAK",rainprecipitation,RAIN (PRECIPITATION),RAIN (PRECIPITATION),64,887,Sandong:fən¹ | Zhonghe:fən¹ | Tangzhou:fən¹ | Tingpai:fən¹ | Antang:fən¹,0,0,0,0,0,1,4,"Attested forms in Tai and Kam-Sui branches overwhelmingly display a reflex with *f/p/h/w- plus -n, consistent with the reconstructed *pu1n or *wɯn. PT *C̥.wɯnᴬ also fits most forms. However, non-Tai-Kam-Sui branches (Buyang, Kelao, La Chí) have divergent forms, and some Tai variants have palatalized or voiced initials. The basic shape is strongly supported overall, though with some innovation and irregularity outside the core branches.",5,"There is very strong attestation for reflexes of both *quzaN/*qudan and to a much lesser extent *salaw across almost every major Austronesian clade: the typical 'udan/uran'-type is pan-Western MP and Formosan, and 'uha/ua' is the main Oceanic reflex. Some SHWNG and Oceanic languages show unrelated innovations, as often for basic vocabulary, but the widespread distribution—including Formosan—provides robust support for the reconstruction.",0
079_rattan,rattan,*(q)uaːy,3,"PT,POB,PKS",rattan,RATTAN,RATTAN,18,3,Luzhai Sipai:kɐu⁵⁴ʔ | Luzhai Luzhai:kɐu⁵⁴ʔ | Xiangzhou Dale:kɐu⁵⁴ʔ | Xiangzhou Yunjiang:kɐu⁵⁴ʔ | Wuxuan Huangmao:kɐu⁵³,0,0,0,0,1,0,2,"The lexical data shows strict uniformity with a k-initial (kɐu~kau), directly contradicting the proposed PKD *(q)uaːy and PT *C̥.waːj. There are no reflexes preserving a *w- or showing a diphthong -aːy. If the comparative set is accurate, the reconstructed shape receives little support from attested forms, justifying a low score.",1,"All sampled forms are highly divergent in shape from the proposed *quay; 'rotan', in particular, points to a different etymon, likely non-Austronesian or a later innovation. No evidence from Formosan or other primary MP branches. The reconstruction is unsupported by the available data.",1
080_raw_a_live,raw; (a)live,*(q)udip,5,"PT,PH,POB,PK,PKS",raw,RAW,RAW,60,10,Sandong:ʔdjup⁷ | Zhonghe:ʔdjup⁷ | Tangzhou:ʔdjup⁷ | Tingpai:ʔdjup⁷ | Antang:ʔdjup⁷,0,0,0,0,1,0,5,"The correspondence of forms with -dip/-djup/-dɪp/-lip in nearly all Tai languages, Zhuang, and even Buyang and several Kam-Sui languages strongly supports the PKD reconstruction *(q)udip. A minority subset of Kam-Sui languages have a divergent form (sɛŋ, śeŋ), which may represent either replacements or a secondary development. The overall distribution and regularity of the 'dip' reflex across branches indicates very strong support.",1,"The proposed PAN *qudip is not reflected in any of the sampled daughter forms. Most Oceanic and Western MP forms show a root like 'mata', 'maka', or similar, not matching *qudip. The Formosan and Malagasy items are also segmentally unrelated. There is no evidence here for *qudip as the ancestor of these 'raw; (a)live' forms.",1
081_road,road,*c-ugu2n,6,"PT,PH,POB,PK,PKS,LAK",road,ROAD,ROAD,43,142,Luzhai Sipai:lo³²ʔ³ | Luzhai Luzhai:lɔ³¹ʔ | Xiangzhou Dale:lɔ²¹ʔ² | Xiangzhou Yunjiang:lɔ²¹ʔ³ | Wuxuan Huangmao:lo³¹,0,0,0,0,0,1,2,"While lo/lɔ forms fitting the PKD *c-ugu2n shape are present in some Zhuang/Nung and Buyang, the broader Tai and Kam-Sui branches overwhelmingly use unrelated forms ('thanon', 'ta:ŋ', 'khun'). The distribution suggests either early borrowing or substrate in Zhuang/Buyang, while the major Tai lines point to a different etymon. There is substantial conflict between the PKD form and the attested forms in major daughter branches.",3,"The Malagasy area strongly supports a reflex of *zalan, showing expected shifts (*z > l) and preservation of both consonants and final -n/-a. Some Polynesian forms like Tongan 'hala' and Hawaiian 'alanui' may descend from *zalan or a related form, after regular sound changes, but most Oceanic forms look unrelated. The evidence in Western MP is strong, but the root is not widespread in Oceanic. This supports a mid-level score.",1
082_scale_skin,scale; skin,*kalec,3,"PT,POB,PKS",skin,SKIN,SKIN,73,935,Sandong:pi² | Zhonghe:pi² | Tangzhou:pi² | Tingpai:pi² | Antang:pi²,0,0,0,0,0,1,2,"The proposed PKD *kalec and PT *klecᴰ are not supported by the dominant attested Tai-Kadai forms, which cluster overwhelmingly around 'naŋ' for 'skin'. Only sporadic evidence from Sui, Maonan, Chadong, and a few other non-Tai branches shows something like 'pi' or similar, but these are scattered and not widely reflected. The prevailing shape 'naŋ' (even across Hlai and Tai) directly contradicts the reconstruction, warranting a low score.",2,"The overwhelming majority of attested forms for 'skin' across Formosan, Western Malayo-Polynesian, and SHWNG do not resemble *qaNiC, instead showing etyma like kulit, hoditry, katat, or entirely disparate forms in Formosan. Only rare forms, mainly in a few Oceanic and perhaps Tausug/MP, hint at the reconstructed root, making *qaNiC a poor fit for the sampled data. Widespread roots like kulit in MP and divergent forms in Formosan undermine the proposed PAN form.",1
083_seed,seed,*ipan,5,"PH,POB,PK,PKS,LAK",seed,SEED,SEED,72,147,Sandong:van¹ | Zhonghe:van¹ | Tangzhou:van¹ | Tingpai:van¹ | Antang:van¹,0,0,0,0,0,1,4,"Most languages, including Tai, Kam-Sui, Hlai, and Buyang, have a stem like *-pan, *-wan, or *-fan, supporting a proto-form akin to *ipan. Some forms in certain Central and Northern Zhuang varieties, and Thai, diverge, but the overall pattern strongly fits the proposed reconstruction. The evidence is sufficiently widespread across branches for a high score, with deductions for a few significant outliers.",2,"Neither reconstructed form—*binəSiq nor *Rahap—is supported across the major Austronesian clades. The Western MP zone is dominated by Malagasy voa-type forms and vihy, themselves of unclear origin. Oceanic and SHWNG overwhelmingly use distinct roots (often putse/hatu/patu). Only Seediq 'rehak' may reflect *Rahap, but this is an isolated Formosan example in a sea of unrelated descendant forms, so broad support is lacking.",1
084_seven,seven,*CV-tuː,4,"PT,PH,PK,LAK",seven,SEVEN,SEVEN,60,500,Sandong:ɕət⁷ | Zhonghe:ɕət⁷ | Tangzhou:ɕət⁷ | Tingpai:ɕat⁷ | Antang:ɕət⁷,0,0,0,0,0,1,2,"The majority of attested forms for 'seven' in Tai and related branches fit a set centered on -cet/-cat/-sat, and not *tuː. The proposed PKD *CV-tuː is only weakly supported by Buyang and Hlai forms, and is at odds with the widespread and consistent reflexes of PT *cetᴰ in Tai. Thus, *CV-tuː is not well supported by the available data.",5,"The PAN *pitu reconstruction is extremely well supported: nearly all major Formosan languages and most Western Malayo-Polynesian languages display highly consistent forms directly reflexing *pitu, including expected minor variations. Oceanic and SHWNG show systematic reflexes with expected regular sound changes (e.g., f/h/v/h-itu, fitu, vitu), confirming widespread retention. Outliers (e.g., Bahasa Indonesia 'tujuh') are well-understood irregularities and do not detract significantly. Overall, this is a textbook case of robust support for an Austronesian numeral protoform.",1
085_shadow,shadow,*aŋ[u/aːw],3,"PT,PH,POB",shadow,SHADOW,SHADOW,0,1,,0,1,1,0,1,0,,,1,"There is only a single attested form for 'shadow', from one Oceanic language, and it bears no resemblance to either proposed PAN reconstruction. No evidence from Formosan or Western Malayo-Polynesian is present. With such an unrelated and lone data point, both reconstructions must be scored as completely unattested in the sample.",1
086_sharp,sharp,*C.cəmᴬ,3,"PT,PH,PKS",sharp,SHARP,SHARP,60,869,Sandong:tau⁶ | Zhonghe:tau⁶ | Tangzhou:tau⁶ | Tingpai:tau⁶ | Antang:tsan²,0,0,0,1,0,0,1,"There is no cluster of forms supporting a PKD reconstruction *C.cəmᴬ. The attested forms show great shape diversity without a clear correspondence to *cəm. Proto-Tai *ɣɤmᴬ is only weakly reflected, and general diversity among the data further undermines the proposed form. The reconstruction is not supported by the reflexes in the Lexibank data.",3,"There is moderate support for the *tazəm shape in Western MP and scatteredly in SHWNG, with reflexes like 'talim', 'taram', 'talas', 'ta'lɨm', and others, suggesting this root had decent spread beyond Taiwan. However, the Formosan evidence is weak and the majority of Oceanic forms are unrelated or diverge significantly, preventing a higher score. If only considering Philippine/Bornean languages, support would be stronger, but PAN status is not robustly shown.",1
087_shoulder,shoulder,*CV-baː,5,"PT,PH,POB,PK,PKS",shoulder,SHOULDER,SHOULDER,59,739,Sandong:ha¹ | Zhonghe:ha¹ | Tangzhou:ha¹ | Tingpai:ha¹ | Antang:ha¹,0,0,0,0,0,1,5,"The PKD *CV-baː is well supported by wide attestation of 'ba', 'ɓa', 'ʔba', and related forms in numerous Tai and non-Tai languages, matching the expected reflexes. While some branches (notably Northern Zhuang) systematically show 'ha', this is a common Tai change, and others (Central/SW Tai) have a competing 'lai' word, which might reflect replacement or borrowing. The 'ba' form is nevertheless robust across branches and families, justifying a high score.",5,"There are regular and widespread reflexes of *qabaRa ('abaga', 'qavan', 'avara', etc.) across Formosan, Western MP, SHWNG, and Oceanic, indicating very strong support. The presence of divergent forms does not outweigh the high frequency and regularity of cognates matching the reconstruction across major subgroups, easily justifying the maximum score.",0
088_shrimp,shrimp,*(q)udaːŋ,3,"PT,PH,POB",shrimp,SHRIMP,SHRIMP,16,0,Sandong:ʔȵoŋ⁵ | Zhonghe:ʔȵoŋ⁵ | Tangzhou:ʔȵoŋ⁵ | Tingpai:ʔȵoŋ⁵ | Antang:ʔȵoŋ⁵,0,0,1,1,0,0,1,"No attested forms reflect a PKD or PT shape like *(q)udaːŋ or *kuŋ; all available Tai forms show ȵoŋ. This suggests the PKD reconstruction is not reflected in the Tai data here, and either represents a lost innovation or a form restricted to other branches. Lexibank attestation instead points to a different root as basic for 'shrimp' in these varieties.",,,1
089_sick,sick,*keːt,6,"PT,PH,POB,PK,PKS,LAK",sick,SICK,SICK,43,91,Luzhai Sipai:pɪŋ³²ʔ³ | Luzhai Luzhai:pɪŋ³¹ʔ | Xiangzhou Dale:pɪŋ²¹ʔ² | Xiangzhou Yunjiang:peŋ²¹ʔ³ | Wuxuan Huangmao:pɪŋ³¹,0,0,0,1,1,0,1,"None of the attested forms from any major branch resemble *keːt, and the Proto-Tai shape is also *keːtᴰ which is unsupported by the data. Many varieties—across Zhuang, Nung, Kam-Sui, and even Sinitic loans—show clear pVŋ-type forms, while in Tai we sometimes see khây, xai, or puai, which are still inconsistent with *keːt. The reconstruction is highly problematic given the widespread and consistent attestation of a very different root.",1,"The proposed PAN *sakit is not supported by any attested forms in the sampled data. Oceanic languages overwhelmingly show unrelated roots, and the only Western Malayo-Polynesian form, Malagasy maràry, also shows a different root. There is thus no evidence for *sakit as the proto-form based on this sample.",1
090_six,six,*xən[a/ə]m,2,"PH,PK",six,SIX,SIX,60,500,Sandong:ljok⁸ | Zhonghe:ljok⁸ | Tangzhou:ljok⁸ | Tingpai:ljok⁸ | Antang:ljok⁸,0,0,0,0,0,1,5,"The *xən[a/ə]m reconstruction is not supported by the vast majority; rather, Hok-/Lok-/Jok-type forms are nearly pan-Kra-Dai, as seen from Tai, Kam-Sui, Zhuang, Nung, Mulam, and many more. Only a few Hlai and Buyang outliers have 'tom' or 'nam', likely unrelated etyma. The attested forms are highly consistent in initial onset, vowel, and coda across the vast majority of languages, making this one of the best-supported numerals in the family.",5,"The reflexes of 'six' are very well preserved across all sampled Austronesian clades, with nearly all Formosan, Western Malayo-Polynesian, SHWNG, and Oceanic forms traceable to *(x)ənəm. Diverse but related variants (onom, anum, ono, unəm, etc.) show expected regular phonological changes. Some divergent Formosan terms reflect secondary innovations and do not detract from the strong majority evidence.",0
091_skin,skin,*CV-nəŋ,4,"PT,PH,POB,PKS",skin,SKIN,SKIN,73,935,Sandong:pi² | Zhonghe:pi² | Tangzhou:pi² | Tingpai:pi² | Antang:pi²,0,0,0,0,0,1,5,"The reconstructed PKD form *CV-nəŋ and PT *ʰnaŋᴬ are robustly supported by a large majority of Tai-Kadai reflexes, which cluster tightly around naŋ/naŋ-like forms. The alternative 'pi' forms are mostly restricted to Northern Zhuang and some Kam-Sui languages, possibly reflecting a different etymon or semantic shift. The overall distribution strongly supports the PKD reconstruction as the main etymon for 'skin.'",5,"The reconstruction *kuliC is robustly supported across all major Austronesian clades. The 'kulit' shape predominates in Western Malayo-Polynesian, is present in SHWNG and Oceanic, and clear reflexes are found in several Formosan languages (notably Bunun and Atayal). While many Formosan (and scattered SHWNG/Oceanic) languages have disparate forms, the quantity and phylogenetic spread of 'kulit'-like reflexes strongly supports the reconstruction.",0
092_skinny,skinny,*CV-roːm,6,"PT,PH,POB,PK,PKS,LAK",thin,THIN,THIN,1,650,Thai (Dialect Korat):baaŋ,0,1,1,1,1,0,1,"The only attested form for 'skinny/thin' is Thai baaŋ, which is phonologically unrelated to the proposed PKD *CV-roːm and PT *proːmᴬ. There is no support from the limited data, so the proposed proto-form is not attested in the available lexicon.",1,"The proposed reconstruction *Niwaŋ is not supported by the attested forms, which almost universally show reflexes of 'nipis/lipis' across all sampled clades, including core Formosan. There is no evidence for a root like *Niwaŋ ('waŋ' element is absent). The comparative evidence clearly points to a different PAN etymon and thus this reconstruction receives the lowest score.",1
093_sky,sky,*C-bu1n,5,"PT,PH,POB,PKS,LAK",sky,SKY,SKY,60,907,Sandong:ʔbən¹ | Zhonghe:ʔu¹ ʔbən¹ | Tangzhou:ʔmən¹ | Tingpai:ʔbən¹ | Antang:ʔbən¹,0,0,0,0,0,1,4,"The PKD form *C-bu1n is robustly reflected across many Northern and Central Tai varieties with limited variation in the initial and vowel (mostly ʔbən, ᵐbən, bən, etc.), and Buyang and other Kam-Sui forms also support a similar shape. However, Southwestern Tai (e.g., Thai, Shan, Zhuang) uses a different root (fa:, pha:), and some Kam, Hlai, and Kelao forms do not match. The score is high due to broad coverage and regularity in the core branches, but not perfect given the divergent innovations in Southwestern Tai and outlier branches.",2,"The proposed PAN *Rabun is not directly supported by any major Formosan form, and the widespread 'langit' set in Malayo-Polynesian and outliers in Oceanic indicate a different etymon is inherited across much of Austronesian. Secondary clusters (e.g., kawas, karac) in Formosan do not support *Rabun, nor does the main Oceanic evidence. Overall, reflexes do not match the shape or phonology of the proposed reconstruction.",1
094_snot,snot,*muːk,3,"PT,POB,PKS",nasalmucussnot,NASAL MUCUS (SNOT),NASAL MUCUS (SNOT),41,15,Sandong:muk⁸ | Zhonghe:muk⁸ | Tangzhou:muk⁸ | Tingpai:muk⁸ | Antang:muk⁸,0,0,0,0,0,1,5,"The PKD *muːk is exceptionally well supported: almost every major Tai and Kam-Sui group reflects 'muk-type' forms for 'snot', with regular minor vowel changes. The only exceptions are the more divergent languages (Nung-Fengshan, Lakkia, Hlai, Buyang, Kelao) which have replaced or compounded forms. The dominance and regularity of the muk forms merits the highest attestation score.",3,"The reflex in Bahasa Indonesia ('ingus') supports the proposed *ŋuSuR, but the small Western MP sample otherwise is inconclusive or divergent, and most Oceanic forms derive from unrelated roots. Support is moderate but limited to a single major language, with the rest of the evidence largely unsupportive or uninformative for this reconstruction.",0
095_sour,sour,*qas[a/ə]m,6,"PT,PH,POB,PK,PKS,LAK",sour,SOUR,SOUR,60,11,Sandong:hum³ | Zhonghe:hum³ | Tangzhou:hum³ | Tingpai:hum³ | Antang:hum³,0,0,0,0,1,0,4,"A strong cluster around sV(m) supports the PKD *qas[a/ə]m and PT *sɤm, with the vast majority of Tai and northern Kadai branches showing reflexes in line with this. Divergent forms in Kam-Sui and peripheral branches lower the score from perfect, as they suggest either secondary developments or replacement, but the etymon is robustly supported in the core Tai area.",1,"The proposed PAN form *qa(R)səm is not supported by the sampled lexemes for 'sour.' All attested forms across Formosan, Oceanic, and Western MP are morphologically and phonologically distant from the proposed root. There is no systematic reflex or shape similarity to *qa(R)səm, and the forms themselves display a high degree of diversity, implying several sources or much innovation in this semantic domain.",1
096_stand,stand,*CV-ɟuːn,5,"PT,PH,POB,PKS,LAK",stand,STAND,STAND,57,915,Luzhai Sipai:soŋ²³¹ | Luzhai Luzhai:θɔŋ²³¹ | Xiangzhou Dale:sɔŋ²³¹ | Xiangzhou Yunjiang:θɔŋ²³¹ | Wuxuan Huangmao:sɔŋ²³¹,0,0,0,0,0,1,3,"The PKD *CV-ɟuːn is well reflected as 'jɨːn/jun/jin' in several Thai and Central Tai areas, as expected from *ɟuːn. However, the numerous sɔŋ/θɔŋ forms in northern Zhuang (possibly from another root or innovation) and divergence into c-, t-, or z-initials in Hlai, Kam-Sui, and Mulam branches indicate significant replacement or contamination. Support is moderate; while the etymon is maintained across Thai and some adjacent forms, the match is less consistent across the entire family.",4,"There is strong cross-clade support for *diRi as PAN 'stand', especially via forms with -ri-, -ir-, -rir-, -riŋ, and -tu- or -tindog, which are pervasive in Western MP, major Formosan branches, and Oceanic. The diversity in SHWNG and some Formosan languages suggests retentions of alternate roots, replacements, or analogical formations, but the basic correspondence pattern fits *diRi very well. The high frequency, wide distribution, and relatively low innovation suggest a robust reconstruction, just short of perfect due to some divergent forms.",0
097_star,star,*adaːw,6,"PT,PH,POB,PK,PKS,LAK",star,STAR,STAR,73,957,Sandong:zət⁷ | Zhonghe:zət⁷ | Tangzhou:zət⁷ | Tingpai:zət⁷ | Antang:zət⁷,0,0,0,0,1,0,4,"The PKD *adaːw is well-supported by forms in Southwestern Tai (da:w, da:u, etc.), Northern Tai, Hlai (ra:u), and appears in Buyang and other branches as la:w or similar. However, the dominant form in several Kam-Sui languages (zət/ćət) is quite different and does not transparently reflect *adaːw, possibly representing a different etymon. The PKD form is therefore strongly but not universally supported across all branches.",1,"There is no clear or regular reflex of *qajaw 'star' in any major branch: Formosan, Western Malayo-Polynesian, SHWNG, and Oceanic forms overwhelmingly point instead to roots like *bituqan, *bintan or similar. The closest are some Rukai and possibly some SHWNG forms, but these are isolated and not obviously related. The attested data strongly contradicts the *qajaw reconstruction, with major branches clustering around quite different etyma.",1
098_steal,steal,*C̬ilakᴰ,6,"PT,PH,POB,PK,PKS,LAK",steal,STEAL,STEAL,59,745,Sandong:ljak⁷ | Zhonghe:ljak⁷ | Tangzhou:ljak⁷ | Tingpai:ljak⁷ | Antang:ljak⁷,0,0,0,0,0,1,5,"The PKD *C̬ilakᴰ is almost perfectly reflected in all major Tai branches and Kam-Sui, showing regular reflexes in both initial and rime. A few divergent forms exist in Hlai and Buyang, but the overwhelming majority of attested forms match the *-lak coda and expected initial, meaning the reconstruction is strongly supported.",5,"Reflexes of *Cakaw are robustly attested across Formosan languages (with some variation in initial consonant clusters/affixes), and show regular, widespread presence in Western Malayo-Polynesian (takaw, nakaw, etc.), supporting the PAN reconstruction. SHWNG has occasional matches (karau), though more innovation is seen. Oceanic mainly innovates but the vɪnɔɣi-type forms suggest a continuation. The root is among the best-attested Austronesian roots.",0
099_stomach,stomach,*amok,5,"PT,PH,PK,PKS,LAK",stomach,STOMACH,STOMACH,28,14,Central Thai:thɔ:ŋ.⁴ | Central Thai:kra.¹-pɔʔ.⁴ | Thai:thɔ́ɔŋ | Southern Tai (Songkhla variety):phuŋ.³ | Southern Tai (Songkhla variety):ka.³_phɔ.⁴,0,0,0,1,0,0,1,"Virtually all Tai (and Zhuang) forms point to a shape like toŋ/thɔŋ, aligning with PT *dwuːŋꟲ and not with *amok. Kra-Dai diversity exists, but there is no cluster of major branches supporting *amok. The PKD form is not supported by the majority of attested forms, but some minor Kam-Sui or Kra forms bear a distant resemblance.",2,"The attested forms cluster around several unrelated shapes: Oceanic shows a strong 'puku/pū' (not matching either reconstruction), while western MP forms are irregular and do not support either *biCuka or *tiaN systematically. Only a few western MP forms (e.g., Alor varieties) faintly recall *tiaN, but support is very patchy. There is no Formosan data in the sample, and the majority of forms do not fit the proposed reconstructions, so attestation is weak.",1
100_stone,stone,*ʈiːl,5,"PT,PH,POB,PKS,LAK",stone,STONE,STONE,44,956,Sandong:tin² | Zhonghe:tin² | Tangzhou:tin² | Tingpai:tin² | Antang:tin²,0,0,0,0,0,1,2,"The majority of attested forms, especially in Tai and Zhuang, are based on a shape with initial h/t/j/l/n and a -n coda, not matching *ʈiːl in the coda or in retroflexion. The Hlai (tshin/tshiŋ) forms show some support for retroflex/affricate onset, but the general Tai/Be/Zhuang evidence clusters around a different etymon. This PKD form may reflect a minor subgroup at best.",5,"The reflex of PAN *batu is extremely widespread and regular throughout Formosan, Western Malayo-Polynesian, and Oceanic (fatu/vatu). While SHWNG is more irregular, the high proportion of direct and systematic reflexes in primary clades constitutes strong support. Divergent forms are a clear minority, and *batu is among the best-attested PAN lexical roots.",1
101_sweet,sweet,*CV-waːl,6,"PT,PH,POB,PK,PKS,LAK",sweet,SWEET,SWEET,61,13,Sandong:ljen⁶ | Zhonghe:ljan⁶ | Tangzhou:ljən⁶ | Tingpai:ljan⁶ | Antang:ljən⁶,0,0,0,0,0,1,4,"The waːn-type forms are overwhelmingly present in the major Tai languages, aligning well with the PKD *waːl (expected *waːn for an original *-l), and supporting systematicity. However, non-wa:n forms (notably the ljan, faːn, tiəm clusters) show a secondary set of etyma in Kam-Sui and Sui, as well as sporadic innovations. Despite these, the primary waːn forms are too widespread and systematic to ignore, so the PKD reconstruction is strongly but not perfectly supported.",2,"Only a handful of forms (mostly outside Oceanic) weakly support *həmis, specifically Malagasy and Rotuman. The majority of Oceanic forms are decisively different in shape; the Formosan data also shows no support. The proposed reconstruction is weakly supported at best and may not be ancestral to most of the sampled forms.",1
102_tail,tail,*CV-cu1t,6,"PT,PH,POB,PK,PKS,LAK",tail,TAIL,TAIL,73,926,Sandong:hət⁸ | Zhonghe:hət⁸ | Tangzhou:xət⁸ | Tingpai:hət⁸ | Antang:hət⁸,0,0,0,0,0,1,2,"The attested reflexes in Tai almost universally display -ŋ (not -t), matching the PT *trwɤːŋ, rather than PKD *cu1t. Non-Tai branches (Hlai, Buyang, some Kam-Sui) do show -t/tʰ, lending partial support to PKD, but there is a striking mismatch with the Tai evidence. Because the Tai forms are so systematic and crucial for PKD, the actual attestation best fits a *-ŋ root, making the *cu1t reconstruction only poorly supported.",5,"The (k)ikuR etymon is well attested across all major clades, including several Formosan languages, numerous Western Malayo-Polynesian languages, and repeated in Oceanic. While many substitutions and replacements exist, the systematic presence of ik-/hiku-type forms across the phylogeny strongly supports the reconstruction. Some unrelated words are present, but the overall reflex pattern is robust.",1
103_taro,taro,*biRaːk,6,"PT,PH,POB,PK,PKS,LAK",taro,TARO,TARO,16,82,Sandong:ʔɣaːk⁷ | Zhonghe:ʔɣaːk⁷ | Tangzhou:ʔɣeːk⁷ | Tingpai:ʔɣaːk⁷ | Antang:ȶe⁴ hui²,0,0,0,0,1,0,2,"The PKD *biRaːk and PT *prɯəkᴰ do not align well with the attested forms, which center on ʔɣaːk or very different shapes like ȶe⁴ hui² or ku³ kui². The voiced or prenasalized stop + 'aːk' forms are absent. Only a couple forms with 'jaːk' marginally recall the PKD medial, but the clear majority forms show a very different onset and vocalism, lowering attestation support.",1,"The attested forms for 'taro' in this sample show no systematic resemblance to PAN *biRaq, neither in Western Malayo-Polynesian (which only has 'keladi') nor in the sampled Oceanic forms (which are highly diverse and do not cluster near *biRaq). There are also no Formosan or SHWNG reflexes to check for older retention, and the sampled forms indicate different sources. This root is therefore unsupported by the present evidence.",1
104_this,this,*niː,6,"PT,PH,POB,PK,PKS,LAK",this,THIS,THIS,46,763,Sandong:naːi⁶ | Zhonghe:naːi⁶ | Tangzhou:naːi⁶ | Tingpai:naːi⁶ | Antang:naːi⁶,0,0,0,0,0,1,5,"The PKD *niː is robustly supported across all major branches, with nearly all forms using a root naːi/nei/ni, matching the expected proto-shape. Deviant forms are few, and likely secondary innovations or demonstrative compounds. The PT *najꟲ matches perfectly. This is a strongly supported etymon.",5,"The reconstruction *-ni for 'this' is robustly supported across all major Austronesian clades. Many Formosan languages have forms with clear 'ni', WMP retains 'ini', 'kini', and similar, SHWNG has 'ni-', and Oceanic shows frequent 'ne', 'ni', 'nē'. Alternative forms exist but do not undermine the overwhelming support for *-ni as a productive demonstrative element. The evidence is exceptionally good.",0
105_three,three,*utuː,4,"PT,PH,PK,LAK",three,THREE,THREE,60,963,Sandong:haːm¹ | Zhonghe:haːm¹ | Tangzhou:haːm¹ | Tingpai:haːm¹ | Antang:haːm¹,0,0,0,0,0,1,2,"The overwhelming majority of attested forms in Tai and most Kra-Dai languages show a reflex of *saːm (or similar), matching the Proto-Tai *saːm and not the proposed PKD *utuː. Only Buyang and possibly some Kelao provide reflexes with a similar shape to *utuː, suggesting this may be a peripheral or specifically Kra innovation, not the best PKD root for the family as a whole.",5,"The root *təlu is robustly attested with regular reflexes across all major Austronesian clades, especially in Formosan, Western MP, SHWNG and Oceanic. The minor deviant forms are sporadic and can be explained by secondary changes, innovation, or borrowing. The reflexes overwhelmingly point to *təlu as the PAN form for 'three'.",1
106_tie_bundle,tie; bundle,*CV-ruːk,5,"PT,PH,POB,PKS,LAK",tie,TIE,TIE,45,152,Luzhai Sipai:tsʊk²² | Luzhai Sipai:taːu²³¹ | Luzhai Luzhai:tsok²² | Xiangzhou Dale:tɕok²² | Xiangzhou Yunjiang:tsok²²,0,0,0,1,0,0,1,"None of the major branches show reflexes consistent with *ruːk in initial or rime shape; most Tai forms cluster around 'phuːk' or 'mat', and Zhuang around 'phuk', with a minor pattern of 'tsok/tɕok' in some Southwestern Tai. The PKD *CV-ruːk is not supported by the widespread attested forms, and there is no evidence for 'r-' anywhere. At best, some marginal languages hint at a possible stop-vowel-stop root as in Buyang or Mulam, but the 'ruːk' root is unsupported.",2,"There is only weak and uneven support for the reconstructed PAN roots: Malagasy 'mamehy' and relatives could point to a derivative of *Sikət or a different root; isolated Formosan (bekuj) may possibly connect to *bəjbəj. Elsewhere, the forms are highly innovative, replaced, or borrowed, with no systematic pattern echoing the PAN reconstructions, especially outside Western MP. The overall pattern does not provide consistent cross-clade support.",1
107_to_fly,to fly,*CV-pil,5,"PT,PH,POB,PKS,LAK",flymovethroughair,FLY (MOVE THROUGH AIR),FLY (MOVE THROUGH AIR),72,924,Sandong:vjən³ | Zhonghe:vjən³ | Tangzhou:vjən³ | Tingpai:vjan³ | Antang:vjən³,0,0,0,0,0,1,3,"Most reflexes in Tai and Hlai (bin, vin, ben) show a nasal rhyme, not *-il, and the vowel is *i rather than *i/ɪ/e, with little support for *-l coda. Kam-Sui and Kra show substantially different onsets and rhymes. The PT *ɓilᴬ reconstruction is not directly reflected in any modern forms, which overwhelmingly favor -n codas over -l. The PKD shape is only weakly supported given this evidence.",3,"Support for *layap is fairly strong in several Philippine and Borneo-type Western MP languages, and there is at least some presence in Paiwan among Formosans; scattered SHWNG and Oceanic forms may be related, but many are not cognate or are heavily innovated. Many Formosan, SHWNG, and Oceanic forms show different roots, indicating considerable replacement or coincidence. The evidence is moderate and supports an attestation score of 3.",0
108_to_taste,to taste,*ɟim,2,"PT,PH",taste,TASTE,TASTE,1,1,Thai (Dialect Korat):ɾ̪ot̪_t̪s̪haat̪,0,1,1,1,1,0,1,"There is only one attested form available, and it is a compound unrelated in shape to the proposed PKD or PT forms (*ɟim). Without more data, and with a total lack of matching segments or structure, this reconstruction receives the lowest score.",1,"There is only a single attested form, and it does not match the proposed reconstruction *taɲam. No supporting reflexes are available, offering no evidence in favor of the PAN root.",1
109_tongue2,tongue2,*Səmaːᴬ,6,"PT,PH,POB,PK,PKS,LAK",tongue,TONGUE,TONGUE,73,964,Sandong:ma² | Zhonghe:ma² | Tangzhou:ma² | Tingpai:ma² | Antang:ma²,0,0,0,0,0,1,4,"There are two major sets of reflexes: one with ma- (mostly Kam-Sui and peripheral Kra-Dai) and one with lin- (widespread in Tai and some Hlai). The proposed PKD form *Səmaːᴬ is well reflected in Kam-Sui and some other subgroups, but the Tai forms overwhelmingly match PT *liːnꟲ rather than a ma-type root. The split could reflect archaic doublets or lexical replacement. While *Səmaːᴬ is attested in several branches, the dominant shape in Tai points to later innovation or borrowing, slightly lowering support.",2,"The reconstruction *Səma finds support in Sakizaya, Amis, and Paiwan, somewhat suggesting a Formosan base. However, in Western MP and Oceanic, the overwhelming attested forms cluster around unrelated types (dila/lela/mea/meme), not *Səma. Only partial, clade-restricted support exists, so the score is low.",1
110_tooth,tooth,*(l)ipan,6,"PT,PH,POB,PK,PKS,LAK",tooth,TOOTH,TOOTH,73,961,Sandong:vjan¹ | Zhonghe:vjan¹ | Tangzhou:vjən¹ | Tingpai:vjaːn¹ | Antang:vjən¹,0,0,0,0,0,1,3,"Kam-Sui languages support the *(l)ipan reconstruction with vjan/vjən-type forms, but the dominant form in Tai and other branches is fan/wan, showing a shift incompatible with the PKD form. While traces of the original root survive in less innovative branches, the reflexes in most of Tai point to a different proto-form. The lack of direct *(l)ipan-type forms in the core Tai languages diminishes support for the proposed PKD shape, but its widespread presence in Kam-Sui and a handful of others maintains moderate support.",4,"The reconstructed *[l/n/ŋ]ipan is robustly supported by widespread reflexes across Formosan, Western MP, and Oceanic (ngipon, nify, nifo). A few clades (SHWNG) and some outliers show unrelated roots, but the majority—including key, early-branching forms—fit the reconstruction, justifying a high score.",0
111_transplant_plant,transplant; plant,*tVl(j)am,4,"PT,POB,PK,PKS",plantsomething,PLANT (SOMETHING),PLANT (SOMETHING),39,658,Sandong:ᵐbja¹ | Sandong:lam¹ | Zhonghe:ᵐbja¹ | Zhonghe:lam¹ | Tangzhou:mje²,0,0,0,0,0,1,2,"The PKD reconstruction *tVl(j)am is only marginally supported by Buyang 'tam' and some Nung forms with initial d-/ʔd-; however, most Tai forms (e.g., pu:k, lam, plu:k) and Kam-Sui variants cluster around different onsets and vowels, with no clear trace of a medial -l- or initial cluster as reconstructed, and PT *t.namᴬ is not well reflected either. Widespread attested forms group around completely different shapes, suggesting the PKD form is not adequately supported.",4,"There is strong support for a *tanəm-type root in Western MP and SHWNG, extending to some Formosan (Paiwan, Saaroa), but Formosan data is notably split, with several very different roots. Oceanic shows major departures, likely semantic broadening or root substitution. The grouping of 'plant' in Formosan is somewhat ambiguous, but the spread of tanəm alone justifies a high score, slightly reduced due to considerable diversity in Formosan and Oceanic.",1
112_turtle,turtle,*C̥-(i)paːᴬ,3,"PT,PH,PK",turtle,TURTLE,TURTLE,39,82,Sandong:tjaːu⁵ | Zhonghe:tjaːu⁵ | Tangzhou:fət⁸ fje¹ | Tingpai:fit⁷ fia¹ | Antang:fjət⁷ fie¹,0,0,0,1,1,0,1,"Virtually all Tai and Kam-Sui forms cluster around tVw/tjau~taw, which do not resemble the PKD *C̥-(i)paː reconstruction's initial consonant or vowels. Kra-Dai forms (kwi, kui) do not bridge the gap. PT *ʰwɯə is also unattested in most data. The attested forms point to a proto-form close to *taw, making the given reconstruction poorly supported.",1,"The proposed proto-form *qaCipa (soft-shell) is not supported by any sampled forms. All Oceanic languages reflect forms related to *ponu or *honu/vonu, unrelated to *qaCipa. No Formosan nor Western MP forms in the sample match the reconstruction. The reconstruction is not attested among these daughter languages.",1
113_two,two,*Vsaː,5,"PT,PH,PK,PKS,LAK",two,TWO,TWO,72,964,Sandong:ɣa¹ | Zhonghe:ɣa² | Tangzhou:ɣa² | Tingpai:ɣa² | Antang:ɣa²,0,0,0,0,0,1,2,"The PKD reconstruction *Vsaː aligns with some Kra, Kam-Sui, and Buyang forms showing an initial sibilant and a vowel a. However, the vast majority of Southwest and Central Tai forms cluster around soːŋ or sɔːŋ, and the PT reconstruction agrees with these, not with *Vsaː. Hlai, Kam, and several Zhuang forms also cluster around very different shapes, including ɬau, soŋ, and ńi. The evidence points to two distinct etyma for 'two' in Kra-Dai, but the dominant Tai reflexes do not favor *Vsaː for the branch producing 'soːŋ'.",5,"The shape *duSa is extremely well supported across Formosan, Western MP, SHWNG, and Oceanic, with most languages showing reflexes like *duSa > dua, dusa, rua, lua, etc. Majority of forms show regular correspondences for both the initial *d and final *a, and in several cases, *S > h/s/ʔ is attested. Even some divergent forms can be explained by known sound changes or analogical formations, and do not undermine the overall support. Evidence spans every major clade, justifying a top score.",1
114_village,village,*baːn,6,"PT,PH,POB,PK,PKS,LAK",village,VILLAGE,VILLAGE,59,83,Sandong:ʔbaːn³ | Zhonghe:ʔbaːn³ | Tangzhou:ʔmaːn³ | Tingpai:ʔbaːn³ | Antang:ʔbaːn³,0,0,0,0,0,1,5,"The PKD form *baːn is overwhelmingly matched by regular reflexes in almost all Tai languages, Kam-Sui, and related branches, with only minor variation (some initial voicing, nasalization, or preglottalization). The PT form is nearly identical to PKD, and the widespread attestation across branches supports this reconstruction strongly. Only a handful of outlying forms in some Kelao and Buyang varieties diverge, likely due to borrowing or semantic shifts.",2,"There is very little direct support for either *asaŋ or *taNaS for 'village.' None of the non-Oceanic languages use these roots, and Oceanic itself overwhelmingly uses forms related to *kaŋa/*kaina or *banua/fanua. This indicates that the PAN forms proposed are not well-attested for this meaning in the sampled dataset, and modern terms are either innovative, semantic shifts, or from other etyma. Attestation is restricted to a subset of Oceanic with no pan-family support, justifying a low score.",1
115_vomit,vomit,*utaːk,6,"PT,PH,POB,PK,PKS,LAK",vomit,VOMIT,VOMIT,60,936,Sandong:kun⁵ | Zhonghe:kun⁵ | Tangzhou:kun⁵ | Tingpai:kun⁵ | Antang:kun⁵,0,0,0,0,0,1,2,"The PKD reconstruction *utaːk is only modestly supported by a handful of forms with similar rime (-a:k/-ɔ:k), but the vast majority of attested forms have either kun/kun-like (in Zhuang and Kam-Sui) or ha:k/ra:k (in Tai), with various other divergent forms. The initial *u- and *t- are poorly reflected in most languages and do not correspond to the main Tai reflexes. The proposed PT *rwɯək is also generally inconsistent with attested forms. This results in an overall low score.",4,"The PAN reconstruction *utaq is well reflected in core northern Formosan languages (Atayal, Bunun, Seediq, Paiwan, Saisiyat) and several Philippine/Western MP forms (uta, úta, etc.). However, SHWNG and Oceanic often show forms based on 'lua/lulu' or innovated forms inconsistent with *utaq. Syncretism or replacement in a large subset of Western MP further lowers the score. Despite these innovations, the root *utaq is well attested in multiple oldest branches and has descendants in both Formosan and non-Oceanic Malayo-Polynesian, just short of a 5 due to extensive divergence elsewhere.",1
116_wash,wash,*C-sak,6,"PT,PH,POB,PK,PKS,LAK",wash,WASH,WASH,59,148,Sandong:suk⁸ | Zhonghe:suk⁸ | Tangzhou:suk⁸ | Tingpai:zuk⁷ | Antang:suk⁸,0,0,0,0,0,1,5,"The PKD reconstruction *C-sak aligns very well with widespread and systematic reflexes in Zhuang, Bouyei, Sui, and many other branches, strongly supporting the shape *sak or *suk for 'wash.' Although some Tai languages use a different root ('la:ŋ'), the original *sak-form is retained in many branches and even as an alternate in some Tai languages. The presence of alternate roots in Tai does not detract from the strong support for *C-sak, which deserves the highest score.",4,"The reconstructed *basəq is robustly, even monotonously, attested in the Malagasy dialect continuum (Western MP) and several closely related clades. However, Oceanic shows heavy replacement by new forms ('fa-/ho-/fufulu/titihi/sasau') and little retention of the original root, which suggests early loss or reformation there. The widespread presence in Western MP, isolated SHWNG form, and some partial Oceanic reflexes justify a strong score, but the lack of Formosan and heavy innovation in many branches preclude a perfect rating.",0
117_water,water,*danam,6,"PT,PH,POB,PK,PKS,LAK",water,WATER,WATER,73,962,Sandong:nam³ | Zhonghe:nam³ | Tangzhou:nam³ | Tingpai:nam³ | Antang:nam³,0,0,0,0,0,1,5,"The attested forms for 'water' overwhelmingly support a proto-form with the shape *nam or very similar, as seen widely across Tai, Kam-Sui, Hlai, and other branches. The proposed PKD *danam is very close in shape, and minor variation (presence/absence of d-, initial voicing, or nasal assimilation) is expected. The evidence for the main root is robust and widespread, with only a few divergent Kra (Buyang, La Chí, Kelao) and Zhuang initial alternations, which do not undermine the strong overall match.",5,"The PAN reconstruction *daNum is robustly supported by widespread, regular reflexes across Formosan, Western Malayo-Polynesian, and SHWNG. Forms like danum/danom/nanum occur in both Taiwan and the Philippines and extend into the rest of Malayo-Polynesian, with only some expected innovation and borrowing elsewhere. The supporting evidence is broad and systematic, satisfying the strongest level of comparative support.",0
118_wing,wing,*CV-piːk,6,"PT,PH,POB,PK,PKS,LAK",wing,WING,WING,61,900,Sandong:va⁵ | Zhonghe:va⁵ | Tangzhou:va⁵ | Tingpai:va⁵ | Antang:va⁵,0,0,0,0,0,1,4,"The PKD reconstruction *CV-piːk and PT *piːkᴰ matches well the majority of SW Tai and Zhuang reflexes, especially those with p-/f- onsets and high vowels plus a -k coda. However, certain branches, particularly Kam-Sui and Kra, show more divergent forms, shifting or replacing the initial or simplifying the syllable. Despite these exceptions, the core pan-Tai/Zhuang evidence is strong, though branch-internal variation in Kam-Sui and Kra justifies a slightly reduced score.",4,"The reconstructed *paNi[d/j] is fairly well supported in Formosan and has plausible, if slightly noisy, reflexes in Western MP and SHWNG. However, Oceanic reflexes are highly innovative, with only a handful showing possible formal relationship. When considering phylogenetic breadth, the match across multiple clades and inheritance lines warrants a strong score, though not the highest due to relatively fewer direct reflexes or strong correspondence in Oceanic.",0
119_winnowing_basket,winnowing basket,*doŋ,4,"PT,PH,POB,PKS",winnowing,WINNOWING,WINNOWING,0,0,,0,1,1,0,0,0,,,,,1
120_younger_siblings,younger siblings,*naɭoːŋ,5,"PT,PH,POB,PKS,LAK",youngerbrother,YOUNGER BROTHER,YOUNGER BROTHER,42,21,Luzhai Sipai:nɔŋ²¹⁴ | Luzhai Luzhai:nɔŋ²¹⁴ | Xiangzhou Dale:nɔŋ²¹⁴ | Xiangzhou Yunjiang:nɔːŋ²¹⁴ | Wuxuan Huangmao:noŋ²¹⁴,0,0,0,0,0,1,4,"The attested forms across the Tai and Kam-Sui branches overwhelmingly support a proto-Kra-Dai root similar to *nwoːŋ or *na-loŋ, with excellent continuity in the initial n-, the rhyme -oŋ/-uŋ, and sometimes the vowel length. The Buyang/Kelao/other outgroups diverge, but these shifts are not unexpected at this taxonomic depth. The presence of a liquid (l) in the PKD form isn't preserved in the Tai branch, where *nwoːŋ dominates. Overall, attestation is strong except for outgroup divergence.",2,"The proposed PAN *Suaji has virtually no phonological match to the predominant Oceanic 'teina/tesuk' forms, nor to the Western Malayo-Polynesian 'adik' or 'zàndry'. The only marginal support is Rotuman 'sɔsiŋa', but this is isolated and not clearly cognate without regular correspondences. The lack of Formosan data and the dominance of a different root across clades significantly weakens the support for *Suaji.",1
